Tipo Responsable Academica;Responsable Académica;Tipo Propuesta Formativa;Propuesta Formativa;Año;Alumnos (NI+RI);Nuevos Inscriptos;Egresados
Departamento;Departamento de Ciencia y Tecnología (presencial);Grado;Arquitectura Naval;1991;10,00;10,00;
Departamento;Departamento de Ciencia y Tecnología (presencial);Grado;Arquitectura Naval;1992;2,00;2,00;
Departamento;Departamento de Ciencia y Tecnología (presencial);Grado;Arquitectura Naval;1993;11,00;11,00;
Departamento;Departamento de Ciencia y Tecnología (presencial);Grado;Arquitectura Naval;1994;8,00;8,00;
Departamento;Departamento de Ciencia y Tecnología (presencial);Grado;Arquitectura Naval;1995;97,00;97,00;
Departamento;Departamento de Ciencia y Tecnología (presencial);Grado;Arquitectura Naval;1996;52,00;8,00;
Departamento;Departamento de Ciencia y Tecnología (presencial);Grado;Arquitectura Naval;1997;70,00;25,00;
Departamento;Departamento de Ciencia y Tecnología (presencial);Grado;Arquitectura Naval;1998;82,00;26,00;3,00
Departamento;Departamento de Ciencia y Tecnología (presencial);Grado;Arquitectura Naval;1999;92,00;30,00;3,00
Departamento;Departamento de Ciencia y Tecnología (presencial);Grado;Arquitectura Naval;2000;104,00;31,00;4,00
Departamento;Departamento de Ciencia y Tecnología (presencial);Grado;Arquitectura Naval;2001;100,00;10,00;
Departamento;Departamento de Ciencia y Tecnología (presencial);Grado;Arquitectura Naval;2002;84,00;3,00;
Departamento;Departamento de Ciencia y Tecnología (presencial);Grado;Arquitectura Naval;2003;70,00;4,00;
Departamento;Departamento de Ciencia y Tecnología (presencial);Grado;Arquitectura Naval;2004;66,00;8,00;
Departamento;Departamento de Ciencia y Tecnología (presencial);Grado;Arquitectura Naval;2005;66,00;14,00;
Departamento;Departamento de Ciencia y Tecnología (presencial);Grado;Arquitectura Naval;2006;79,00;24,00;1,00
Departamento;Departamento de Ciencia y Tecnología (presencial);Grado;Arquitectura Naval;2007;84,00;20,00;1,00
Departamento;Departamento de Ciencia y Tecnología (presencial);Grado;Arquitectura Naval;2008;98,00;26,00;1,00
Departamento;Departamento de Ciencia y Tecnología (presencial);Grado;Arquitectura Naval;2009;122,00;27,00;3,00
Departamento;Departamento de Ciencia y Tecnología (presencial);Grado;Arquitectura Naval;2010;251,00;47,00;47,00
Departamento;Departamento de Ciencia y Tecnología (presencial);Grado;Arquitectura Naval;2011;177,00;53,00;3,00
Departamento;Departamento de Ciencia y Tecnología (presencial);Grado;Arquitectura Naval;2012;190,00;49,00;3,00
Departamento;Departamento de Ciencia y Tecnología (presencial);Grado;Arquitectura Naval;2013;202,00;47,00;13,00
Departamento;Departamento de Ciencia y Tecnología (presencial);Grado;Arquitectura Naval;2014;214,00;60,00;5,00
Departamento;Departamento de Ciencia y Tecnología (presencial);Grado;Arquitectura Naval;2015;205,00;50,00;
Departamento;Departamento de Ciencia y Tecnología (presencial);Grado;Arquitectura Naval;2016;275,00;114,00;8,00
Departamento;Departamento de Ciencia y Tecnología (presencial);Grado;Arquitectura Naval;2017;231,00;65,00;13,00
Departamento;Departamento de Ciencia y Tecnología (presencial);Grado;Arquitectura Naval;2018;227,00;82,00;2,00
Departamento;Departamento de Ciencia y Tecnología (presencial);Grado;Arquitectura Naval;2019;220,00;82,00;1,00
Departamento;Departamento de Ciencia y Tecnología (presencial);Grado;Arquitectura Naval;2020;205,00;51,00;2,00
Departamento;Departamento de Ciencia y Tecnología (presencial);Grado;Arquitectura Naval;2021;305,00;22,00;5,00
Departamento;Departamento de Ciencia y Tecnología (presencial);Grado;Arquitectura Naval;2022;148,00;22,00;10,00
Departamento;Departamento de Ciencia y Tecnología (presencial);Grado;Arquitectura Naval;2023;130,00;38,00;5,00
Departamento;Departamento de Ciencia y Tecnología (presencial);Grado;Arquitectura Naval;2024;116,00;26,00;3,00
Departamento;Departamento de Ciencia y Tecnología (presencial);Grado;Arquitectura Naval;2025;115,00;44,00;
Departamento;Departamento de Ciencia y Tecnología (presencial);Grado;Ingeniería en Alimentos;1991;31,00;31,00;
Departamento;Departamento de Ciencia y Tecnología (presencial);Grado;Ingeniería en Alimentos;1992;19,00;19,00;
Departamento;Departamento de Ciencia y Tecnología (presencial);Grado;Ingeniería en Alimentos;1993;11,00;10,00;
Departamento;Departamento de Ciencia y Tecnología (presencial);Grado;Ingeniería en Alimentos;1994;20,00;20,00;
Departamento;Departamento de Ciencia y Tecnología (presencial);Grado;Ingeniería en Alimentos;1995;37,00;37,00;
Departamento;Departamento de Ciencia y Tecnología (presencial);Grado;Ingeniería en Alimentos;1996;31,00;31,00;
Departamento;Departamento de Ciencia y Tecnología (presencial);Grado;Ingeniería en Alimentos;1997;128,00;128,00;
Departamento;Departamento de Ciencia y Tecnología (presencial);Grado;Ingeniería en Alimentos;1998;89,00;10,00;
Departamento;Departamento de Ciencia y Tecnología (presencial);Grado;Ingeniería en Alimentos;1999;98,00;22,00;3,00
Departamento;Departamento de Ciencia y Tecnología (presencial);Grado;Ingeniería en Alimentos;2000;105,00;13,00;11,00
Departamento;Departamento de Ciencia y Tecnología (presencial);Grado;Ingeniería en Alimentos;2001;116,00;26,00;11,00
Departamento;Departamento de Ciencia y Tecnología (presencial);Grado;Ingeniería en Alimentos;2002;131,00;34,00;14,00
Departamento;Departamento de Ciencia y Tecnología (presencial);Grado;Ingeniería en Alimentos;2003;164,00;48,00;21,00
Departamento;Departamento de Ciencia y Tecnología (presencial);Grado;Ingeniería en Alimentos;2004;186,00;53,00;16,00
Departamento;Departamento de Ciencia y Tecnología (presencial);Grado;Ingeniería en Alimentos;2005;197,00;39,00;18,00
Departamento;Departamento de Ciencia y Tecnología (presencial);Grado;Ingeniería en Alimentos;2006;227,00;60,00;13,00
Departamento;Departamento de Ciencia y Tecnología (presencial);Grado;Ingeniería en Alimentos;2007;261,00;65,00;29,00
Departamento;Departamento de Ciencia y Tecnología (presencial);Grado;Ingeniería en Alimentos;2008;307,00;80,00;26,00
Departamento;Departamento de Ciencia y Tecnología (presencial);Grado;Ingeniería en Alimentos;2009;372,00;103,00;35,00
Departamento;Departamento de Ciencia y Tecnología (presencial);Grado;Ingeniería en Alimentos;2010;397,00;87,00;22,00
Departamento;Departamento de Ciencia y Tecnología (presencial);Grado;Ingeniería en Alimentos;2011;416,00;71,00;15,00
Departamento;Departamento de Ciencia y Tecnología (presencial);Grado;Ingeniería en Alimentos;2012;451,00;101,00;21,00
Departamento;Departamento de Ciencia y Tecnología (presencial);Grado;Ingeniería en Alimentos;2013;485,00;127,00;25,00
Departamento;Departamento de Ciencia y Tecnología (presencial);Grado;Ingeniería en Alimentos;2014;485,00;91,00;10,00
Departamento;Departamento de Ciencia y Tecnología (presencial);Grado;Ingeniería en Alimentos;2015;446,00;77,00;11,00
Departamento;Departamento de Ciencia y Tecnología (presencial);Grado;Ingeniería en Alimentos;2016;532,00;172,00;18,00
Departamento;Departamento de Ciencia y Tecnología (presencial);Grado;Ingeniería en Alimentos;2017;504,00;105,00;25,00
Departamento;Departamento de Ciencia y Tecnología (presencial);Grado;Ingeniería en Alimentos;2018;474,00;104,00;28,00
Departamento;Departamento de Ciencia y Tecnología (presencial);Grado;Ingeniería en Alimentos;2019;476,00;119,00;24,00
Departamento;Departamento de Ciencia y Tecnología (presencial);Grado;Ingeniería en Alimentos;2020;498,00;98,00;35,00
Departamento;Departamento de Ciencia y Tecnología (presencial);Grado;Ingeniería en Alimentos;2021;782,00;65,00;33,00
Departamento;Departamento de Ciencia y Tecnología (presencial);Grado;Ingeniería en Alimentos;2022;433,00;70,00;33,00
Departamento;Departamento de Ciencia y Tecnología (presencial);Grado;Ingeniería en Alimentos;2023;432,00;108,00;20,00
Departamento;Departamento de Ciencia y Tecnología (presencial);Grado;Ingeniería en Alimentos;2024;481,00;131,00;50,00
Departamento;Departamento de Ciencia y Tecnología (presencial);Grado;Ingeniería en Alimentos;2025;387,00;97,00;3,00
Departamento;Departamento de Ciencia y Tecnología (presencial);Grado;Ingeniería en Automatización y Control Industrial;1991;52,00;52,00;
Departamento;Departamento de Ciencia y Tecnología (presencial);Grado;Ingeniería en Automatización y Control Industrial;1992;1,00;1,00;
Departamento;Departamento de Ciencia y Tecnología (presencial);Grado;Ingeniería en Automatización y Control Industrial;1994;2,00;2,00;
Departamento;Departamento de Ciencia y Tecnología (presencial);Grado;Ingeniería en Automatización y Control Industrial;1997;161,00;161,00;
Departamento;Departamento de Ciencia y Tecnología (presencial);Grado;Ingeniería en Automatización y Control Industrial;1998;81,00;34,00;
Departamento;Departamento de Ciencia y Tecnología (presencial);Grado;Ingeniería en Automatización y Control Industrial;1999;72,00;5,00;
Departamento;Departamento de Ciencia y Tecnología (presencial);Grado;Ingeniería en Automatización y Control Industrial;2000;74,00;15,00;
Departamento;Departamento de Ciencia y Tecnología (presencial);Grado;Ingeniería en Automatización y Control Industrial;2001;92,00;22,00;
Departamento;Departamento de Ciencia y Tecnología (presencial);Grado;Ingeniería en Automatización y Control Industrial;2002;119,00;29,00;2,00
Departamento;Departamento de Ciencia y Tecnología (presencial);Grado;Ingeniería en Automatización y Control Industrial;2003;142,00;48,00;8,00
Departamento;Departamento de Ciencia y Tecnología (presencial);Grado;Ingeniería en Automatización y Control Industrial;2004;162,00;35,00;8,00
Departamento;Departamento de Ciencia y Tecnología (presencial);Grado;Ingeniería en Automatización y Control Industrial;2005;159,00;23,00;6,00
Departamento;Departamento de Ciencia y Tecnología (presencial);Grado;Ingeniería en Automatización y Control Industrial;2006;190,00;57,00;7,00
Departamento;Departamento de Ciencia y Tecnología (presencial);Grado;Ingeniería en Automatización y Control Industrial;2007;219,00;47,00;2,00
Departamento;Departamento de Ciencia y Tecnología (presencial);Grado;Ingeniería en Automatización y Control Industrial;2008;283,00;82,00;14,00
Departamento;Departamento de Ciencia y Tecnología (presencial);Grado;Ingeniería en Automatización y Control Industrial;2009;341,00;78,00;13,00
Departamento;Departamento de Ciencia y Tecnología (presencial);Grado;Ingeniería en Automatización y Control Industrial;2010;415,00;103,00;20,00
Departamento;Departamento de Ciencia y Tecnología (presencial);Grado;Ingeniería en Automatización y Control Industrial;2011;428,00;69,00;15,00
Departamento;Departamento de Ciencia y Tecnología (presencial);Grado;Ingeniería en Automatización y Control Industrial;2012;412,00;78,00;19,00
Departamento;Departamento de Ciencia y Tecnología (presencial);Grado;Ingeniería en Automatización y Control Industrial;2013;426,00;84,00;18,00
Departamento;Departamento de Ciencia y Tecnología (presencial);Grado;Ingeniería en Automatización y Control Industrial;2014;404,00;74,00;8,00
Departamento;Departamento de Ciencia y Tecnología (presencial);Grado;Ingeniería en Automatización y Control Industrial;2015;377,00;57,00;9,00
Departamento;Departamento de Ciencia y Tecnología (presencial);Grado;Ingeniería en Automatización y Control Industrial;2016;434,00;122,00;11,00
Departamento;Departamento de Ciencia y Tecnología (presencial);Grado;Ingeniería en Automatización y Control Industrial;2017;436,00;104,00;15,00
Departamento;Departamento de Ciencia y Tecnología (presencial);Grado;Ingeniería en Automatización y Control Industrial;2018;438,00;102,00;30,00
Departamento;Departamento de Ciencia y Tecnología (presencial);Grado;Ingeniería en Automatización y Control Industrial;2019;400,00;100,00;10,00
Departamento;Departamento de Ciencia y Tecnología (presencial);Grado;Ingeniería en Automatización y Control Industrial;2020;371,00;80,00;12,00
Departamento;Departamento de Ciencia y Tecnología (presencial);Grado;Ingeniería en Automatización y Control Industrial;2021;664,00;57,00;13,00
Departamento;Departamento de Ciencia y Tecnología (presencial);Grado;Ingeniería en Automatización y Control Industrial;2022;312,00;40,00;12,00
Departamento;Departamento de Ciencia y Tecnología (presencial);Grado;Ingeniería en Automatización y Control Industrial;2023;282,00;62,00;13,00
Departamento;Departamento de Ciencia y Tecnología (presencial);Grado;Ingeniería en Automatización y Control Industrial;2024;322,00;92,00;14,00
Departamento;Departamento de Ciencia y Tecnología (presencial);Grado;Ingeniería en Automatización y Control Industrial;2025;279,00;74,00;1,00
Departamento;Departamento de Ciencia y Tecnología (presencial);Grado;Licenciatura en Bioinformática;2015;5,00;5,00;
Departamento;Departamento de Ciencia y Tecnología (presencial);Grado;Licenciatura en Bioinformática;2016;19,00;18,00;
Departamento;Departamento de Ciencia y Tecnología (presencial);Grado;Licenciatura en Bioinformática;2017;22,00;17,00;
Departamento;Departamento de Ciencia y Tecnología (presencial);Grado;Licenciatura en Bioinformática;2018;29,00;19,00;
Departamento;Departamento de Ciencia y Tecnología (presencial);Grado;Licenciatura en Bioinformática;2019;38,00;25,00;
Departamento;Departamento de Ciencia y Tecnología (presencial);Grado;Licenciatura en Bioinformática;2020;46,00;27,00;
Departamento;Departamento de Ciencia y Tecnología (presencial);Grado;Licenciatura en Bioinformática;2021;66,00;13,00;
Departamento;Departamento de Ciencia y Tecnología (presencial);Grado;Licenciatura en Bioinformática;2022;56,00;27,00;
Departamento;Departamento de Ciencia y Tecnología (presencial);Grado;Licenciatura en Bioinformática;2023;56,00;35,00;
Departamento;Departamento de Ciencia y Tecnología (presencial);Grado;Licenciatura en Bioinformática;2024;70,00;32,00;
Departamento;Departamento de Ciencia y Tecnología (presencial);Grado;Licenciatura en Bioinformática;2025;111,00;59,00;
Departamento;Departamento de Ciencia y Tecnología (presencial);Grado;Licenciatura en Biotecnología;1991;141,00;141,00;
Departamento;Departamento de Ciencia y Tecnología (presencial);Grado;Licenciatura en Biotecnología;1992;76,00;76,00;
Departamento;Departamento de Ciencia y Tecnología (presencial);Grado;Licenciatura en Biotecnología;1993;50,00;49,00;
Departamento;Departamento de Ciencia y Tecnología (presencial);Grado;Licenciatura en Biotecnología;1994;53,00;53,00;
Departamento;Departamento de Ciencia y Tecnología (presencial);Grado;Licenciatura en Biotecnología;1995;55,00;55,00;
Departamento;Departamento de Ciencia y Tecnología (presencial);Grado;Licenciatura en Biotecnología;1996;42,00;42,00;
Departamento;Departamento de Ciencia y Tecnología (presencial);Grado;Licenciatura en Biotecnología;1997;228,00;228,00;5,00
Departamento;Departamento de Ciencia y Tecnología (presencial);Grado;Licenciatura en Biotecnología;1998;161,00;8,00;11,00
Departamento;Departamento de Ciencia y Tecnología (presencial);Grado;Licenciatura en Biotecnología;1999;160,00;22,00;21,00
Departamento;Departamento de Ciencia y Tecnología (presencial);Grado;Licenciatura en Biotecnología;2000;158,00;28,00;28,00
Departamento;Departamento de Ciencia y Tecnología (presencial);Grado;Licenciatura en Biotecnología;2001;182,00;55,00;37,00
Departamento;Departamento de Ciencia y Tecnología (presencial);Grado;Licenciatura en Biotecnología;2002;179,00;42,00;36,00
Departamento;Departamento de Ciencia y Tecnología (presencial);Grado;Licenciatura en Biotecnología;2003;247,00;117,00;38,00
Departamento;Departamento de Ciencia y Tecnología (presencial);Grado;Licenciatura en Biotecnología;2004;287,00;94,00;40,00
Departamento;Departamento de Ciencia y Tecnología (presencial);Grado;Licenciatura en Biotecnología;2005;314,00;79,00;43,00
Departamento;Departamento de Ciencia y Tecnología (presencial);Grado;Licenciatura en Biotecnología;2006;377,00;136,00;69,00
Departamento;Departamento de Ciencia y Tecnología (presencial);Grado;Licenciatura en Biotecnología;2007;445,00;161,00;57,00
Departamento;Departamento de Ciencia y Tecnología (presencial);Grado;Licenciatura en Biotecnología;2008;529,00;152,00;56,00
Departamento;Departamento de Ciencia y Tecnología (presencial);Grado;Licenciatura en Biotecnología;2009;689,00;231,00;70,00
Departamento;Departamento de Ciencia y Tecnología (presencial);Grado;Licenciatura en Biotecnología;2010;818,00;196,00;72,00
Departamento;Departamento de Ciencia y Tecnología (presencial);Grado;Licenciatura en Biotecnología;2011;877,00;184,00;54,00
Departamento;Departamento de Ciencia y Tecnología (presencial);Grado;Licenciatura en Biotecnología;2012;863,00;171,00;66,00
Departamento;Departamento de Ciencia y Tecnología (presencial);Grado;Licenciatura en Biotecnología;2013;842,00;180,00;37,00
Departamento;Departamento de Ciencia y Tecnología (presencial);Grado;Licenciatura en Biotecnología;2014;836,00;181,00;40,00
Departamento;Departamento de Ciencia y Tecnología (presencial);Grado;Licenciatura en Biotecnología;2015;803,00;146,00;35,00
Departamento;Departamento de Ciencia y Tecnología (presencial);Grado;Licenciatura en Biotecnología;2016;841,00;220,00;35,00
Departamento;Departamento de Ciencia y Tecnología (presencial);Grado;Licenciatura en Biotecnología;2017;813,00;171,00;71,00
Departamento;Departamento de Ciencia y Tecnología (presencial);Grado;Licenciatura en Biotecnología;2018;766,00;154,00;73,00
Departamento;Departamento de Ciencia y Tecnología (presencial);Grado;Licenciatura en Biotecnología;2019;796,00;202,00;77,00
Departamento;Departamento de Ciencia y Tecnología (presencial);Grado;Licenciatura en Biotecnología;2020;756,00;158,00;33,00
Departamento;Departamento de Ciencia y Tecnología (presencial);Grado;Licenciatura en Biotecnología;2021;1.173,00;93,00;102,00
Departamento;Departamento de Ciencia y Tecnología (presencial);Grado;Licenciatura en Biotecnología;2022;685,00;149,00;63,00
Departamento;Departamento de Ciencia y Tecnología (presencial);Grado;Licenciatura en Biotecnología;2023;760,00;240,00;65,00
Departamento;Departamento de Ciencia y Tecnología (presencial);Grado;Licenciatura en Biotecnología;2024;953,00;235,00;56,00
Departamento;Departamento de Ciencia y Tecnología (presencial);Grado;Licenciatura en Biotecnología;2025;840,00;229,00;2,00
Departamento;Departamento de Ciencia y Tecnología (presencial);Grado;Licenciatura en Informática;2013;23,00;23,00;
Departamento;Departamento de Ciencia y Tecnología (presencial);Grado;Licenciatura en Informática;2014;114,00;94,00;
Departamento;Departamento de Ciencia y Tecnología (presencial);Grado;Licenciatura en Informática;2015;181,00;97,00;
Departamento;Departamento de Ciencia y Tecnología (presencial);Grado;Licenciatura en Informática;2016;489,00;337,00;
Departamento;Departamento de Ciencia y Tecnología (presencial);Grado;Licenciatura en Informática;2017;660,00;347,00;
Departamento;Departamento de Ciencia y Tecnología (presencial);Grado;Licenciatura en Informática;2018;738,00;321,00;
Departamento;Departamento de Ciencia y Tecnología (presencial);Grado;Licenciatura en Informática;2019;966,00;444,00;1,00
Departamento;Departamento de Ciencia y Tecnología (presencial);Grado;Licenciatura en Informática;2020;1.051,00;397,00;
Departamento;Departamento de Ciencia y Tecnología (presencial);Grado;Licenciatura en Informática;2021;1.288,00;308,00;2,00
Departamento;Departamento de Ciencia y Tecnología (presencial);Grado;Licenciatura en Informática;2022;1.258,00;484,00;3,00
Departamento;Departamento de Ciencia y Tecnología (presencial);Grado;Licenciatura en Informática;2023;2.773,00;1.248,00;9,00
Departamento;Departamento de Ciencia y Tecnología (presencial);Grado;Licenciatura en Informática;2024;3.272,00;1.252,00;19,00
Departamento;Departamento de Ciencia y Tecnología (presencial);Grado;Licenciatura en Informática;2025;2.253,00;304,00;5,00
Departamento;Departamento de Ciencia y Tecnología (presencial);Grado;Técnicatura Laboratorista Universitario;1999;1,00;1,00;
Departamento;Departamento de Ciencia y Tecnología (presencial);Grado;Técnicatura Laboratorista Universitario;2013;31,00;31,00;
Departamento;Departamento de Ciencia y Tecnología (presencial);Grado;Técnicatura Laboratorista Universitario;2014;29,00;6,00;
Departamento;Departamento de Ciencia y Tecnología (presencial);Grado;Técnicatura Laboratorista Universitario;2015;20,00;;
Departamento;Departamento de Ciencia y Tecnología (presencial);Grado;Técnicatura Laboratorista Universitario;2016;22,00;9,00;
Departamento;Departamento de Ciencia y Tecnología (presencial);Grado;Técnicatura Laboratorista Universitario;2017;13,00;;6,00
Departamento;Departamento de Ciencia y Tecnología (presencial);Grado;Técnicatura Laboratorista Universitario;2018;5,00;;4,00
Departamento;Departamento de Ciencia y Tecnología (presencial);Pregrado;Tecnicatura Universitaria en Biotecnología;2016;15,00;15,00;
Departamento;Departamento de Ciencia y Tecnología (presencial);Pregrado;Tecnicatura Universitaria en Biotecnología;2017;92,00;85,00;
Departamento;Departamento de Ciencia y Tecnología (presencial);Pregrado;Tecnicatura Universitaria en Biotecnología;2018;59,00;29,00;
Departamento;Departamento de Ciencia y Tecnología (presencial);Pregrado;Tecnicatura Universitaria en Biotecnología;2019;74,00;39,00;4,00
Departamento;Departamento de Ciencia y Tecnología (presencial);Pregrado;Tecnicatura Universitaria en Biotecnología;2020;77,00;39,00;2,00
Departamento;Departamento de Ciencia y Tecnología (presencial);Pregrado;Tecnicatura Universitaria en Biotecnología;2021;321,00;234,00;5,00
Departamento;Departamento de Ciencia y Tecnología (presencial);Pregrado;Tecnicatura Universitaria en Biotecnología;2022;195,00;65,00;
Departamento;Departamento de Ciencia y Tecnología (presencial);Pregrado;Tecnicatura Universitaria en Biotecnología;2023;249,00;140,00;2,00
Departamento;Departamento de Ciencia y Tecnología (presencial);Pregrado;Tecnicatura Universitaria en Biotecnología;2024;293,00;148,00;7,00
Departamento;Departamento de Ciencia y Tecnología (presencial);Pregrado;Tecnicatura Universitaria en Biotecnología;2025;410,00;220,00;
Departamento;Departamento de Ciencia y Tecnología (presencial);Pregrado;Tecnicatura Universitaria en Programación Informática;2004;1,00;1,00;
Departamento;Departamento de Ciencia y Tecnología (presencial);Pregrado;Tecnicatura Universitaria en Programación Informática;2007;41,00;41,00;
Departamento;Departamento de Ciencia y Tecnología (presencial);Pregrado;Tecnicatura Universitaria en Programación Informática;2008;112,00;94,00;
Departamento;Departamento de Ciencia y Tecnología (presencial);Pregrado;Tecnicatura Universitaria en Programación Informática;2009;149,00;102,00;
Departamento;Departamento de Ciencia y Tecnología (presencial);Pregrado;Tecnicatura Universitaria en Programación Informática;2010;245,00;138,00;
Departamento;Departamento de Ciencia y Tecnología (presencial);Pregrado;Tecnicatura Universitaria en Programación Informática;2011;328,00;149,00;
Departamento;Departamento de Ciencia y Tecnología (presencial);Pregrado;Tecnicatura Universitaria en Programación Informática;2012;360,00;113,00;2,00
Departamento;Departamento de Ciencia y Tecnología (presencial);Pregrado;Tecnicatura Universitaria en Programación Informática;2013;419,00;166,00;4,00
Departamento;Departamento de Ciencia y Tecnología (presencial);Pregrado;Tecnicatura Universitaria en Programación Informática;2014;419,00;102,00;1,00
Departamento;Departamento de Ciencia y Tecnología (presencial);Pregrado;Tecnicatura Universitaria en Programación Informática;2015;441,00;89,00;11,00
Departamento;Departamento de Ciencia y Tecnología (presencial);Pregrado;Tecnicatura Universitaria en Programación Informática;2016;632,00;302,00;12,00
Departamento;Departamento de Ciencia y Tecnología (presencial);Pregrado;Tecnicatura Universitaria en Programación Informática;2017;732,00;284,00;15,00
Departamento;Departamento de Ciencia y Tecnología (presencial);Pregrado;Tecnicatura Universitaria en Programación Informática;2018;821,00;322,00;21,00
Departamento;Departamento de Ciencia y Tecnología (presencial);Pregrado;Tecnicatura Universitaria en Programación Informática;2019;969,00;466,00;21,00
Departamento;Departamento de Ciencia y Tecnología (presencial);Pregrado;Tecnicatura Universitaria en Programación Informática;2020;1.101,00;447,00;22,00
Departamento;Departamento de Ciencia y Tecnología (presencial);Pregrado;Tecnicatura Universitaria en Programación Informática;2021;1.525,00;395,00;18,00
Departamento;Departamento de Ciencia y Tecnología (presencial);Pregrado;Tecnicatura Universitaria en Programación Informática;2022;1.623,00;797,00;25,00
Departamento;Departamento de Ciencia y Tecnología (presencial);Pregrado;Tecnicatura Universitaria en Programación Informática;2023;4.119,00;2.093,00;38,00
Departamento;Departamento de Ciencia y Tecnología (presencial);Pregrado;Tecnicatura Universitaria en Programación Informática;2024;4.517,00;1.788,00;36,00
Departamento;Departamento de Ciencia y Tecnología (presencial);Pregrado;Tecnicatura Universitaria en Programación Informática;2025;2.941,00;418,00;7,00
Departamento;Departamento de Ciencia y Tecnología (presencial);Pregrado;Tecnicatura Universitaria en Química;2015;31,00;31,00;
Departamento;Departamento de Ciencia y Tecnología (presencial);Pregrado;Tecnicatura Universitaria en Química;2016;119,00;98,00;
Departamento;Departamento de Ciencia y Tecnología (presencial);Pregrado;Tecnicatura Universitaria en Química;2017;165,00;96,00;
Departamento;Departamento de Ciencia y Tecnología (presencial);Pregrado;Tecnicatura Universitaria en Química;2018;185,00;91,00;6,00
Departamento;Departamento de Ciencia y Tecnología (presencial);Pregrado;Tecnicatura Universitaria en Química;2019;201,00;97,00;8,00
Departamento;Departamento de Ciencia y Tecnología (presencial);Pregrado;Tecnicatura Universitaria en Química;2020;211,00;76,00;3,00
Departamento;Departamento de Ciencia y Tecnología (presencial);Pregrado;Tecnicatura Universitaria en Química;2021;302,00;101,00;9,00
Departamento;Departamento de Ciencia y Tecnología (presencial);Pregrado;Tecnicatura Universitaria en Química;2022;242,00;79,00;2,00
Departamento;Departamento de Ciencia y Tecnología (presencial);Pregrado;Tecnicatura Universitaria en Química;2023;306,00;144,00;10,00
Departamento;Departamento de Ciencia y Tecnología (presencial);Pregrado;Tecnicatura Universitaria en Química;2024;282,00;100,00;24,00
Departamento;Departamento de Ciencia y Tecnología (presencial);Pregrado;Tecnicatura Universitaria en Química;2025;290,00;110,00;
Departamento;Departamento de Ciencia y Tecnología (presencial);Pregrado;Tecnicatura Universitaria en Tecnología Ambiental y Petroquímica;2015;17,00;17,00;
Departamento;Departamento de Ciencia y Tecnología (presencial);Pregrado;Tecnicatura Universitaria en Tecnología Ambiental y Petroquímica;2016;84,00;71,00;
Departamento;Departamento de Ciencia y Tecnología (presencial);Pregrado;Tecnicatura Universitaria en Tecnología Ambiental y Petroquímica;2017;96,00;51,00;
Departamento;Departamento de Ciencia y Tecnología (presencial);Pregrado;Tecnicatura Universitaria en Tecnología Ambiental y Petroquímica;2018;106,00;51,00;
Departamento;Departamento de Ciencia y Tecnología (presencial);Pregrado;Tecnicatura Universitaria en Tecnología Ambiental y Petroquímica;2019;131,00;59,00;4,00
Departamento;Departamento de Ciencia y Tecnología (presencial);Pregrado;Tecnicatura Universitaria en Tecnología Ambiental y Petroquímica;2020;122,00;48,00;5,00
Departamento;Departamento de Ciencia y Tecnología (presencial);Pregrado;Tecnicatura Universitaria en Tecnología Ambiental y Petroquímica;2021;138,00;16,00;8,00
Departamento;Departamento de Ciencia y Tecnología (presencial);Pregrado;Tecnicatura Universitaria en Tecnología Ambiental y Petroquímica;2022;97,00;35,00;
Departamento;Departamento de Ciencia y Tecnología (presencial);Pregrado;Tecnicatura Universitaria en Tecnología Ambiental y Petroquímica;2023;97,00;42,00;6,00
Departamento;Departamento de Ciencia y Tecnología (presencial);Pregrado;Tecnicatura Universitaria en Tecnología Ambiental y Petroquímica;2024;123,00;58,00;8,00
Departamento;Departamento de Ciencia y Tecnología (presencial);Pregrado;Tecnicatura Universitaria en Tecnología Ambiental y Petroquímica;2025;106,00;40,00;
Departamento;Departamento de Ciencias Sociales (presencial);Grado;Enfermería Universitaria;1991;6,00;6,00;
Departamento;Departamento de Ciencias Sociales (presencial);Grado;Enfermería Universitaria;1992;292,00;292,00;
Departamento;Departamento de Ciencias Sociales (presencial);Grado;Enfermería Universitaria;1993;19,00;16,00;2,00
Departamento;Departamento de Ciencias Sociales (presencial);Grado;Enfermería Universitaria;1994;9,00;6,00;
Departamento;Departamento de Ciencias Sociales (presencial);Grado;Enfermería Universitaria;1995;62,00;21,00;
Departamento;Departamento de Ciencias Sociales (presencial);Grado;Enfermería Universitaria;1996;145,00;37,00;
Departamento;Departamento de Ciencias Sociales (presencial);Grado;Enfermería Universitaria;1997;275,00;69,00;18,00
Departamento;Departamento de Ciencias Sociales (presencial);Grado;Enfermería Universitaria;1998;416,00;225,00;41,00
Departamento;Departamento de Ciencias Sociales (presencial);Grado;Enfermería Universitaria;1999;368,00;126,00;75,00
Departamento;Departamento de Ciencias Sociales (presencial);Grado;Enfermería Universitaria;2000;459,00;220,00;33,00
Departamento;Departamento de Ciencias Sociales (presencial);Grado;Enfermería Universitaria;2001;677,00;258,00;135,00
Departamento;Departamento de Ciencias Sociales (presencial);Grado;Enfermería Universitaria;2002;653,00;223,00;28,00
Departamento;Departamento de Ciencias Sociales (presencial);Grado;Enfermería Universitaria;2003;708,00;161,00;240,00
Departamento;Departamento de Ciencias Sociales (presencial);Grado;Enfermería Universitaria;2004;568,00;166,00;150,00
Departamento;Departamento de Ciencias Sociales (presencial);Grado;Enfermería Universitaria;2005;471,00;105,00;86,00
Departamento;Departamento de Ciencias Sociales (presencial);Grado;Enfermería Universitaria;2006;462,00;117,00;179,00
Departamento;Departamento de Ciencias Sociales (presencial);Grado;Enfermería Universitaria;2007;248,00;1,00;83,00
Departamento;Departamento de Ciencias Sociales (presencial);Grado;Enfermería Universitaria;2008;174,00;24,00;93,00
Departamento;Departamento de Ciencias Sociales (presencial);Grado;Enfermería Universitaria;2009;155,00;92,00;24,00
Departamento;Departamento de Ciencias Sociales (presencial);Grado;Enfermería Universitaria;2010;227,00;117,00;14,00
Departamento;Departamento de Ciencias Sociales (presencial);Grado;Enfermería Universitaria;2011;191,00;;18,00
Departamento;Departamento de Ciencias Sociales (presencial);Grado;Enfermería Universitaria;2012;152,00;1,00;43,00
Departamento;Departamento de Ciencias Sociales (presencial);Grado;Enfermería Universitaria;2013;141,00;41,00;57,00
Departamento;Departamento de Ciencias Sociales (presencial);Grado;Enfermería Universitaria;2014;77,00;4,00;24,00
Departamento;Departamento de Ciencias Sociales (presencial);Grado;Enfermería Universitaria;2015;41,00;;
Departamento;Departamento de Ciencias Sociales (presencial);Grado;Enfermería Universitaria;2016;29,00;;25,00
Departamento;Departamento de Ciencias Sociales (presencial);Grado;Enfermería Universitaria;2017;3,00;;2,00
Departamento;Departamento de Ciencias Sociales (presencial);Grado;Enfermería Universitaria;2018;1,00;;
Departamento;Departamento de Ciencias Sociales (presencial);Grado;Enfermería Universitaria;2019;1,00;;
Departamento;Departamento de Ciencias Sociales (presencial);Grado;Enfermería Universitaria;2020;4,00;;
Departamento;Departamento de Ciencias Sociales (presencial);Grado;Enfermería Universitaria;2021;253,00;;
Departamento;Departamento de Ciencias Sociales (presencial);Grado;Enfermería Universitaria;2022;5,00;;
Departamento;Departamento de Ciencias Sociales (presencial);Grado;Enfermería Universitaria;2023;1,00;;
Departamento;Departamento de Ciencias Sociales (presencial);Grado;Enfermería Universitaria;2024;1,00;;
Departamento;Departamento de Ciencias Sociales (presencial);Grado;Enfermería Universitaria;2025;1,00;;
Departamento;Departamento de Ciencias Sociales (presencial);Grado;Licenciatura en Ciencias Sociales;2003;1,00;1,00;
Departamento;Departamento de Ciencias Sociales (presencial);Grado;Licenciatura en Ciencias Sociales;2004;4,00;3,00;
Departamento;Departamento de Ciencias Sociales (presencial);Grado;Licenciatura en Ciencias Sociales;2005;6,00;3,00;
Departamento;Departamento de Ciencias Sociales (presencial);Grado;Licenciatura en Ciencias Sociales;2006;53,00;49,00;
Departamento;Departamento de Ciencias Sociales (presencial);Grado;Licenciatura en Ciencias Sociales;2007;70,00;33,00;
Departamento;Departamento de Ciencias Sociales (presencial);Grado;Licenciatura en Ciencias Sociales;2008;91,00;37,00;6,00
Departamento;Departamento de Ciencias Sociales (presencial);Grado;Licenciatura en Ciencias Sociales;2009;124,00;54,00;2,00
Departamento;Departamento de Ciencias Sociales (presencial);Grado;Licenciatura en Ciencias Sociales;2010;173,00;65,00;2,00
Departamento;Departamento de Ciencias Sociales (presencial);Grado;Licenciatura en Ciencias Sociales;2011;246,00;96,00;12,00
Departamento;Departamento de Ciencias Sociales (presencial);Grado;Licenciatura en Ciencias Sociales;2012;278,00;103,00;10,00
Departamento;Departamento de Ciencias Sociales (presencial);Grado;Licenciatura en Ciencias Sociales;2013;332,00;106,00;9,00
Departamento;Departamento de Ciencias Sociales (presencial);Grado;Licenciatura en Ciencias Sociales;2014;305,00;74,00;9,00
Departamento;Departamento de Ciencias Sociales (presencial);Grado;Licenciatura en Ciencias Sociales;2015;278,00;57,00;5,00
Departamento;Departamento de Ciencias Sociales (presencial);Grado;Licenciatura en Ciencias Sociales;2016;357,00;137,00;10,00
Departamento;Departamento de Ciencias Sociales (presencial);Grado;Licenciatura en Ciencias Sociales;2017;320,00;81,00;12,00
Departamento;Departamento de Ciencias Sociales (presencial);Grado;Licenciatura en Ciencias Sociales;2018;297,00;80,00;14,00
Departamento;Departamento de Ciencias Sociales (presencial);Grado;Licenciatura en Ciencias Sociales;2019;337,00;102,00;19,00
Departamento;Departamento de Ciencias Sociales (presencial);Grado;Licenciatura en Ciencias Sociales;2020;330,00;83,00;6,00
Departamento;Departamento de Ciencias Sociales (presencial);Grado;Licenciatura en Ciencias Sociales;2021;359,00;41,00;6,00
Departamento;Departamento de Ciencias Sociales (presencial);Grado;Licenciatura en Ciencias Sociales;2022;269,00;42,00;10,00
Departamento;Departamento de Ciencias Sociales (presencial);Grado;Licenciatura en Ciencias Sociales;2023;270,00;57,00;8,00
Departamento;Departamento de Ciencias Sociales (presencial);Grado;Licenciatura en Ciencias Sociales;2024;317,00;62,00;8,00
Departamento;Departamento de Ciencias Sociales (presencial);Grado;Licenciatura en Ciencias Sociales;2025;269,00;59,00;2,00
Departamento;Departamento de Ciencias Sociales (presencial);Grado;Licenciatura en Comunicación Social;1991;72,00;72,00;
Departamento;Departamento de Ciencias Sociales (presencial);Grado;Licenciatura en Comunicación Social;1992;36,00;33,00;1,00
Departamento;Departamento de Ciencias Sociales (presencial);Grado;Licenciatura en Comunicación Social;1993;30,00;25,00;
Departamento;Departamento de Ciencias Sociales (presencial);Grado;Licenciatura en Comunicación Social;1994;32,00;28,00;
Departamento;Departamento de Ciencias Sociales (presencial);Grado;Licenciatura en Comunicación Social;1995;24,00;21,00;
Departamento;Departamento de Ciencias Sociales (presencial);Grado;Licenciatura en Comunicación Social;1996;27,00;23,00;
Departamento;Departamento de Ciencias Sociales (presencial);Grado;Licenciatura en Comunicación Social;1997;178,00;176,00;3,00
Departamento;Departamento de Ciencias Sociales (presencial);Grado;Licenciatura en Comunicación Social;1998;135,00;8,00;5,00
Departamento;Departamento de Ciencias Sociales (presencial);Grado;Licenciatura en Comunicación Social;1999;126,00;14,00;5,00
Departamento;Departamento de Ciencias Sociales (presencial);Grado;Licenciatura en Comunicación Social;2000;133,00;22,00;15,00
Departamento;Departamento de Ciencias Sociales (presencial);Grado;Licenciatura en Comunicación Social;2001;150,00;43,00;29,00
Departamento;Departamento de Ciencias Sociales (presencial);Grado;Licenciatura en Comunicación Social;2002;187,00;69,00;26,00
Departamento;Departamento de Ciencias Sociales (presencial);Grado;Licenciatura en Comunicación Social;2003;210,00;66,00;25,00
Departamento;Departamento de Ciencias Sociales (presencial);Grado;Licenciatura en Comunicación Social;2004;249,00;82,00;23,00
Departamento;Departamento de Ciencias Sociales (presencial);Grado;Licenciatura en Comunicación Social;2005;252,00;64,00;46,00
Departamento;Departamento de Ciencias Sociales (presencial);Grado;Licenciatura en Comunicación Social;2006;267,00;85,00;37,00
Departamento;Departamento de Ciencias Sociales (presencial);Grado;Licenciatura en Comunicación Social;2007;286,00;92,00;41,00
Departamento;Departamento de Ciencias Sociales (presencial);Grado;Licenciatura en Comunicación Social;2008;363,00;141,00;50,00
Departamento;Departamento de Ciencias Sociales (presencial);Grado;Licenciatura en Comunicación Social;2009;446,00;153,00;65,00
Departamento;Departamento de Ciencias Sociales (presencial);Grado;Licenciatura en Comunicación Social;2010;555,00;180,00;73,00
Departamento;Departamento de Ciencias Sociales (presencial);Grado;Licenciatura en Comunicación Social;2011;588,00;144,00;44,00
Departamento;Departamento de Ciencias Sociales (presencial);Grado;Licenciatura en Comunicación Social;2012;636,00;191,00;71,00
Departamento;Departamento de Ciencias Sociales (presencial);Grado;Licenciatura en Comunicación Social;2013;683,00;188,00;60,00
Departamento;Departamento de Ciencias Sociales (presencial);Grado;Licenciatura en Comunicación Social;2014;734,00;202,00;52,00
Departamento;Departamento de Ciencias Sociales (presencial);Grado;Licenciatura en Comunicación Social;2015;672,00;158,00;26,00
Departamento;Departamento de Ciencias Sociales (presencial);Grado;Licenciatura en Comunicación Social;2016;789,00;293,00;46,00
Departamento;Departamento de Ciencias Sociales (presencial);Grado;Licenciatura en Comunicación Social;2017;808,00;255,00;57,00
Departamento;Departamento de Ciencias Sociales (presencial);Grado;Licenciatura en Comunicación Social;2018;797,00;255,00;58,00
Departamento;Departamento de Ciencias Sociales (presencial);Grado;Licenciatura en Comunicación Social;2019;830,00;285,00;35,00
Departamento;Departamento de Ciencias Sociales (presencial);Grado;Licenciatura en Comunicación Social;2020;827,00;232,00;37,00
Departamento;Departamento de Ciencias Sociales (presencial);Grado;Licenciatura en Comunicación Social;2021;828,00;115,00;45,00
Departamento;Departamento de Ciencias Sociales (presencial);Grado;Licenciatura en Comunicación Social;2022;709,00;144,00;30,00
Departamento;Departamento de Ciencias Sociales (presencial);Grado;Licenciatura en Comunicación Social;2023;711,00;181,00;56,00
Departamento;Departamento de Ciencias Sociales (presencial);Grado;Licenciatura en Comunicación Social;2024;784,00;240,00;41,00
Departamento;Departamento de Ciencias Sociales (presencial);Grado;Licenciatura en Comunicación Social;2025;715,00;180,00;1,00
Departamento;Departamento de Ciencias Sociales (presencial);Grado;Licenciatura en Comunicación Social (Ciclo de Complementación Curricular);2014;2,00;2,00;
Departamento;Departamento de Ciencias Sociales (presencial);Grado;Licenciatura en Comunicación Social (Ciclo de Complementación Curricular);2015;19,00;17,00;1,00
Departamento;Departamento de Ciencias Sociales (presencial);Grado;Licenciatura en Comunicación Social (Ciclo de Complementación Curricular);2016;40,00;25,00;
Departamento;Departamento de Ciencias Sociales (presencial);Grado;Licenciatura en Comunicación Social (Ciclo de Complementación Curricular);2017;59,00;32,00;5,00
Departamento;Departamento de Ciencias Sociales (presencial);Grado;Licenciatura en Comunicación Social (Ciclo de Complementación Curricular);2018;66,00;27,00;8,00
Departamento;Departamento de Ciencias Sociales (presencial);Grado;Licenciatura en Comunicación Social (Ciclo de Complementación Curricular);2019;67,00;20,00;9,00
Departamento;Departamento de Ciencias Sociales (presencial);Grado;Licenciatura en Comunicación Social (Ciclo de Complementación Curricular);2020;60,00;15,00;11,00
Departamento;Departamento de Ciencias Sociales (presencial);Grado;Licenciatura en Comunicación Social (Ciclo de Complementación Curricular);2021;52,00;7,00;10,00
Departamento;Departamento de Ciencias Sociales (presencial);Grado;Licenciatura en Comunicación Social (Ciclo de Complementación Curricular);2022;48,00;14,00;12,00
Departamento;Departamento de Ciencias Sociales (presencial);Grado;Licenciatura en Comunicación Social (Ciclo de Complementación Curricular);2023;39,00;12,00;8,00
Departamento;Departamento de Ciencias Sociales (presencial);Grado;Licenciatura en Comunicación Social (Ciclo de Complementación Curricular);2024;51,00;22,00;8,00
Departamento;Departamento de Ciencias Sociales (presencial);Grado;Licenciatura en Comunicación Social (Ciclo de Complementación Curricular);2025;46,00;12,00;
Departamento;Departamento de Ciencias Sociales (presencial);Grado;Licenciatura en Educación (Ciclo de Complementación Curricular) - presencial;2014;197,00;197,00;
Departamento;Departamento de Ciencias Sociales (presencial);Grado;Licenciatura en Educación (Ciclo de Complementación Curricular) - presencial;2015;223,00;137,00;
Departamento;Departamento de Ciencias Sociales (presencial);Grado;Licenciatura en Educación (Ciclo de Complementación Curricular) - presencial;2016;272,00;154,00;9,00
Departamento;Departamento de Ciencias Sociales (presencial);Grado;Licenciatura en Educación (Ciclo de Complementación Curricular) - presencial;2017;314,00;155,00;11,00
Departamento;Departamento de Ciencias Sociales (presencial);Grado;Licenciatura en Educación (Ciclo de Complementación Curricular) - presencial;2018;424,00;209,00;21,00
Departamento;Departamento de Ciencias Sociales (presencial);Grado;Licenciatura en Educación (Ciclo de Complementación Curricular) - presencial;2019;505,00;240,00;27,00
Departamento;Departamento de Ciencias Sociales (presencial);Grado;Licenciatura en Educación (Ciclo de Complementación Curricular) - presencial;2020;473,00;144,00;36,00
Departamento;Departamento de Ciencias Sociales (presencial);Grado;Licenciatura en Educación (Ciclo de Complementación Curricular) - presencial;2021;619,00;153,00;20,00
Departamento;Departamento de Ciencias Sociales (presencial);Grado;Licenciatura en Educación (Ciclo de Complementación Curricular) - presencial;2022;486,00;79,00;91,00
Departamento;Departamento de Ciencias Sociales (presencial);Grado;Licenciatura en Educación (Ciclo de Complementación Curricular) - presencial;2023;338,00;77,00;54,00
Departamento;Departamento de Ciencias Sociales (presencial);Grado;Licenciatura en Educación (Ciclo de Complementación Curricular) - presencial;2024;305,00;91,00;27,00
Departamento;Departamento de Ciencias Sociales (presencial);Grado;Licenciatura en Educación (Ciclo de Complementación Curricular) - presencial;2025;267,00;81,00;1,00
Departamento;Departamento de Ciencias Sociales (presencial);Grado;Licenciatura en Educación - presencial;1991;81,00;81,00;
Departamento;Departamento de Ciencias Sociales (presencial);Grado;Licenciatura en Educación - presencial;1992;10,00;9,00;
Departamento;Departamento de Ciencias Sociales (presencial);Grado;Licenciatura en Educación - presencial;1993;8,00;8,00;
Departamento;Departamento de Ciencias Sociales (presencial);Grado;Licenciatura en Educación - presencial;1994;19,00;19,00;
Departamento;Departamento de Ciencias Sociales (presencial);Grado;Licenciatura en Educación - presencial;1995;14,00;14,00;
Departamento;Departamento de Ciencias Sociales (presencial);Grado;Licenciatura en Educación - presencial;1996;16,00;15,00;
Departamento;Departamento de Ciencias Sociales (presencial);Grado;Licenciatura en Educación - presencial;1997;70,00;70,00;6,00
Departamento;Departamento de Ciencias Sociales (presencial);Grado;Licenciatura en Educación - presencial;1998;49,00;4,00;5,00
Departamento;Departamento de Ciencias Sociales (presencial);Grado;Licenciatura en Educación - presencial;1999;45,00;4,00;1,00
Departamento;Departamento de Ciencias Sociales (presencial);Grado;Licenciatura en Educación - presencial;2000;59,00;18,00;1,00
Departamento;Departamento de Ciencias Sociales (presencial);Grado;Licenciatura en Educación - presencial;2001;74,00;24,00;9,00
Departamento;Departamento de Ciencias Sociales (presencial);Grado;Licenciatura en Educación - presencial;2002;90,00;33,00;6,00
Departamento;Departamento de Ciencias Sociales (presencial);Grado;Licenciatura en Educación - presencial;2003;94,00;26,00;6,00
Departamento;Departamento de Ciencias Sociales (presencial);Grado;Licenciatura en Educación - presencial;2004;122,00;45,00;15,00
Departamento;Departamento de Ciencias Sociales (presencial);Grado;Licenciatura en Educación - presencial;2005;131,00;50,00;11,00
Departamento;Departamento de Ciencias Sociales (presencial);Grado;Licenciatura en Educación - presencial;2006;123,00;30,00;3,00
Departamento;Departamento de Ciencias Sociales (presencial);Grado;Licenciatura en Educación - presencial;2007;146,00;32,00;10,00
Departamento;Departamento de Ciencias Sociales (presencial);Grado;Licenciatura en Educación - presencial;2008;159,00;43,00;16,00
Departamento;Departamento de Ciencias Sociales (presencial);Grado;Licenciatura en Educación - presencial;2009;170,00;48,00;44,00
Departamento;Departamento de Ciencias Sociales (presencial);Grado;Licenciatura en Educación - presencial;2010;176,00;47,00;32,00
Departamento;Departamento de Ciencias Sociales (presencial);Grado;Licenciatura en Educación - presencial;2011;256,00;120,00;6,00
Departamento;Departamento de Ciencias Sociales (presencial);Grado;Licenciatura en Educación - presencial;2012;321,00;142,00;24,00
Departamento;Departamento de Ciencias Sociales (presencial);Grado;Licenciatura en Educación - presencial;2013;328,00;145,00;9,00
Departamento;Departamento de Ciencias Sociales (presencial);Grado;Licenciatura en Educación - presencial;2014;224,00;55,00;11,00
Departamento;Departamento de Ciencias Sociales (presencial);Grado;Licenciatura en Educación - presencial;2015;180,00;26,00;7,00
Departamento;Departamento de Ciencias Sociales (presencial);Grado;Licenciatura en Educación - presencial;2016;195,00;72,00;12,00
Departamento;Departamento de Ciencias Sociales (presencial);Grado;Licenciatura en Educación - presencial;2017;195,00;58,00;13,00
Departamento;Departamento de Ciencias Sociales (presencial);Grado;Licenciatura en Educación - presencial;2018;191,00;58,00;9,00
Departamento;Departamento de Ciencias Sociales (presencial);Grado;Licenciatura en Educación - presencial;2019;223,00;72,00;7,00
Departamento;Departamento de Ciencias Sociales (presencial);Grado;Licenciatura en Educación - presencial;2020;231,00;70,00;1,00
Departamento;Departamento de Ciencias Sociales (presencial);Grado;Licenciatura en Educación - presencial;2021;349,00;52,00;12,00
Departamento;Departamento de Ciencias Sociales (presencial);Grado;Licenciatura en Educación - presencial;2022;238,00;45,00;22,00
Departamento;Departamento de Ciencias Sociales (presencial);Grado;Licenciatura en Educación - presencial;2023;190,00;46,00;13,00
Departamento;Departamento de Ciencias Sociales (presencial);Grado;Licenciatura en Educación - presencial;2024;252,00;86,00;15,00
Departamento;Departamento de Ciencias Sociales (presencial);Grado;Licenciatura en Educación - presencial;2025;198,00;54,00;
Departamento;Departamento de Ciencias Sociales (presencial);Grado;Licenciatura en Enfermería;2011;406,00;406,00;
Departamento;Departamento de Ciencias Sociales (presencial);Grado;Licenciatura en Enfermería;2012;450,00;250,00;
Departamento;Departamento de Ciencias Sociales (presencial);Grado;Licenciatura en Enfermería;2013;496,00;201,00;47,00
Departamento;Departamento de Ciencias Sociales (presencial);Grado;Licenciatura en Enfermería;2014;553,00;189,00;23,00
Departamento;Departamento de Ciencias Sociales (presencial);Grado;Licenciatura en Enfermería;2015;591,00;175,00;24,00
Departamento;Departamento de Ciencias Sociales (presencial);Grado;Licenciatura en Enfermería;2016;918,00;460,00;26,00
Departamento;Departamento de Ciencias Sociales (presencial);Grado;Licenciatura en Enfermería;2017;1.118,00;559,00;82,00
Departamento;Departamento de Ciencias Sociales (presencial);Grado;Licenciatura en Enfermería;2018;1.289,00;633,00;101,00
Departamento;Departamento de Ciencias Sociales (presencial);Grado;Licenciatura en Enfermería;2019;1.555,00;756,00;110,00
Departamento;Departamento de Ciencias Sociales (presencial);Grado;Licenciatura en Enfermería;2020;1.538,00;550,00;96,00
Departamento;Departamento de Ciencias Sociales (presencial);Grado;Licenciatura en Enfermería;2021;1.887,00;287,00;125,00
Departamento;Departamento de Ciencias Sociales (presencial);Grado;Licenciatura en Enfermería;2022;1.530,00;473,00;107,00
Departamento;Departamento de Ciencias Sociales (presencial);Grado;Licenciatura en Enfermería;2023;1.581,00;467,00;117,00
Departamento;Departamento de Ciencias Sociales (presencial);Grado;Licenciatura en Enfermería;2024;1.656,00;428,00;116,00
Departamento;Departamento de Ciencias Sociales (presencial);Grado;Licenciatura en Enfermería;2025;1.427,00;288,00;1,00
Departamento;Departamento de Ciencias Sociales (presencial);Grado;Licenciatura en Historia;2013;4,00;4,00;
Departamento;Departamento de Ciencias Sociales (presencial);Grado;Licenciatura en Historia;2014;71,00;69,00;
Departamento;Departamento de Ciencias Sociales (presencial);Grado;Licenciatura en Historia;2015;144,00;92,00;
Departamento;Departamento de Ciencias Sociales (presencial);Grado;Licenciatura en Historia;2016;274,00;163,00;
Departamento;Departamento de Ciencias Sociales (presencial);Grado;Licenciatura en Historia;2017;320,00;139,00;
Departamento;Departamento de Ciencias Sociales (presencial);Grado;Licenciatura en Historia;2018;336,00;128,00;2,00
Departamento;Departamento de Ciencias Sociales (presencial);Grado;Licenciatura en Historia;2019;311,00;93,00;3,00
Departamento;Departamento de Ciencias Sociales (presencial);Grado;Licenciatura en Historia;2020;322,00;81,00;2,00
Departamento;Departamento de Ciencias Sociales (presencial);Grado;Licenciatura en Historia;2021;311,00;54,00;1,00
Departamento;Departamento de Ciencias Sociales (presencial);Grado;Licenciatura en Historia;2022;290,00;48,00;2,00
Departamento;Departamento de Ciencias Sociales (presencial);Grado;Licenciatura en Historia;2023;298,00;75,00;2,00
Departamento;Departamento de Ciencias Sociales (presencial);Grado;Licenciatura en Historia;2024;327,00;78,00;5,00
Departamento;Departamento de Ciencias Sociales (presencial);Grado;Licenciatura en Historia;2025;335,00;100,00;
Departamento;Departamento de Ciencias Sociales (presencial);Grado;Licenciatura en Historia (Ciclo de Complementación Curricular);2013;126,00;126,00;
Departamento;Departamento de Ciencias Sociales (presencial);Grado;Licenciatura en Historia (Ciclo de Complementación Curricular);2014;104,00;47,00;
Departamento;Departamento de Ciencias Sociales (presencial);Grado;Licenciatura en Historia (Ciclo de Complementación Curricular);2015;103,00;31,00;
Departamento;Departamento de Ciencias Sociales (presencial);Grado;Licenciatura en Historia (Ciclo de Complementación Curricular);2016;88,00;20,00;
Departamento;Departamento de Ciencias Sociales (presencial);Grado;Licenciatura en Historia (Ciclo de Complementación Curricular);2017;83,00;24,00;1,00
Departamento;Departamento de Ciencias Sociales (presencial);Grado;Licenciatura en Historia (Ciclo de Complementación Curricular);2018;102,00;30,00;6,00
Departamento;Departamento de Ciencias Sociales (presencial);Grado;Licenciatura en Historia (Ciclo de Complementación Curricular);2019;104,00;28,00;2,00
Departamento;Departamento de Ciencias Sociales (presencial);Grado;Licenciatura en Historia (Ciclo de Complementación Curricular);2020;95,00;16,00;3,00
Departamento;Departamento de Ciencias Sociales (presencial);Grado;Licenciatura en Historia (Ciclo de Complementación Curricular);2021;92,00;19,00;1,00
Departamento;Departamento de Ciencias Sociales (presencial);Grado;Licenciatura en Historia (Ciclo de Complementación Curricular);2022;84,00;16,00;6,00
Departamento;Departamento de Ciencias Sociales (presencial);Grado;Licenciatura en Historia (Ciclo de Complementación Curricular);2023;75,00;18,00;3,00
Departamento;Departamento de Ciencias Sociales (presencial);Grado;Licenciatura en Historia (Ciclo de Complementación Curricular);2024;87,00;18,00;4,00
Departamento;Departamento de Ciencias Sociales (presencial);Grado;Licenciatura en Historia (Ciclo de Complementación Curricular);2025;80,00;21,00;1,00
Departamento;Departamento de Ciencias Sociales (presencial);Grado;Licenciatura en Terapia Ocupacional - presencial;1991;14,00;14,00;
Departamento;Departamento de Ciencias Sociales (presencial);Grado;Licenciatura en Terapia Ocupacional - presencial;1992;2,00;2,00;
Departamento;Departamento de Ciencias Sociales (presencial);Grado;Licenciatura en Terapia Ocupacional - presencial;1993;4,00;4,00;
Departamento;Departamento de Ciencias Sociales (presencial);Grado;Licenciatura en Terapia Ocupacional - presencial;1994;4,00;4,00;
Departamento;Departamento de Ciencias Sociales (presencial);Grado;Licenciatura en Terapia Ocupacional - presencial;1995;6,00;6,00;
Departamento;Departamento de Ciencias Sociales (presencial);Grado;Licenciatura en Terapia Ocupacional - presencial;1996;25,00;25,00;
Departamento;Departamento de Ciencias Sociales (presencial);Grado;Licenciatura en Terapia Ocupacional - presencial;1997;389,00;388,00;1,00
Departamento;Departamento de Ciencias Sociales (presencial);Grado;Licenciatura en Terapia Ocupacional - presencial;1998;300,00;71,00;28,00
Departamento;Departamento de Ciencias Sociales (presencial);Grado;Licenciatura en Terapia Ocupacional - presencial;1999;349,00;89,00;37,00
Departamento;Departamento de Ciencias Sociales (presencial);Grado;Licenciatura en Terapia Ocupacional - presencial;2000;387,00;107,00;31,00
Departamento;Departamento de Ciencias Sociales (presencial);Grado;Licenciatura en Terapia Ocupacional - presencial;2001;439,00;131,00;60,00
Departamento;Departamento de Ciencias Sociales (presencial);Grado;Licenciatura en Terapia Ocupacional - presencial;2002;499,00;158,00;31,00
Departamento;Departamento de Ciencias Sociales (presencial);Grado;Licenciatura en Terapia Ocupacional - presencial;2003;510,00;121,00;52,00
Departamento;Departamento de Ciencias Sociales (presencial);Grado;Licenciatura en Terapia Ocupacional - presencial;2004;509,00;109,00;49,00
Departamento;Departamento de Ciencias Sociales (presencial);Grado;Licenciatura en Terapia Ocupacional - presencial;2005;510,00;87,00;42,00
Departamento;Departamento de Ciencias Sociales (presencial);Grado;Licenciatura en Terapia Ocupacional - presencial;2006;532,00;118,00;41,00
Departamento;Departamento de Ciencias Sociales (presencial);Grado;Licenciatura en Terapia Ocupacional - presencial;2007;538,00;107,00;56,00
Departamento;Departamento de Ciencias Sociales (presencial);Grado;Licenciatura en Terapia Ocupacional - presencial;2008;576,00;117,00;53,00
Departamento;Departamento de Ciencias Sociales (presencial);Grado;Licenciatura en Terapia Ocupacional - presencial;2009;621,00;152,00;56,00
Departamento;Departamento de Ciencias Sociales (presencial);Grado;Licenciatura en Terapia Ocupacional - presencial;2010;709,00;184,00;81,00
Departamento;Departamento de Ciencias Sociales (presencial);Grado;Licenciatura en Terapia Ocupacional - presencial;2011;851,00;250,00;57,00
Departamento;Departamento de Ciencias Sociales (presencial);Grado;Licenciatura en Terapia Ocupacional - presencial;2012;960,00;282,00;55,00
Departamento;Departamento de Ciencias Sociales (presencial);Grado;Licenciatura en Terapia Ocupacional - presencial;2013;1.129,00;345,00;76,00
Departamento;Departamento de Ciencias Sociales (presencial);Grado;Licenciatura en Terapia Ocupacional - presencial;2014;1.317,00;402,00;46,00
Departamento;Departamento de Ciencias Sociales (presencial);Grado;Licenciatura en Terapia Ocupacional - presencial;2015;1.442,00;352,00;74,00
Departamento;Departamento de Ciencias Sociales (presencial);Grado;Licenciatura en Terapia Ocupacional - presencial;2016;1.739,00;552,00;88,00
Departamento;Departamento de Ciencias Sociales (presencial);Grado;Licenciatura en Terapia Ocupacional - presencial;2017;1.834,00;531,00;74,00
Departamento;Departamento de Ciencias Sociales (presencial);Grado;Licenciatura en Terapia Ocupacional - presencial;2018;1.801,00;425,00;91,00
Departamento;Departamento de Ciencias Sociales (presencial);Grado;Licenciatura en Terapia Ocupacional - presencial;2019;2.084,00;692,00;99,00
Departamento;Departamento de Ciencias Sociales (presencial);Grado;Licenciatura en Terapia Ocupacional - presencial;2020;2.057,00;464,00;81,00
Departamento;Departamento de Ciencias Sociales (presencial);Grado;Licenciatura en Terapia Ocupacional - presencial;2021;2.171,00;272,00;139,00
Departamento;Departamento de Ciencias Sociales (presencial);Grado;Licenciatura en Terapia Ocupacional - presencial;2022;1.767,00;284,00;114,00
Departamento;Departamento de Ciencias Sociales (presencial);Grado;Licenciatura en Terapia Ocupacional - presencial;2023;1.629,00;283,00;118,00
Departamento;Departamento de Ciencias Sociales (presencial);Grado;Licenciatura en Terapia Ocupacional - presencial;2024;1.691,00;348,00;127,00
Departamento;Departamento de Ciencias Sociales (presencial);Grado;Licenciatura en Terapia Ocupacional - presencial;2025;1.602,00;344,00;1,00
Departamento;Departamento de Ciencias Sociales (presencial);Grado;Profesorado de Ciencias Sociales;1999;1,00;1,00;
Departamento;Departamento de Ciencias Sociales (presencial);Grado;Profesorado de Ciencias Sociales;2000;1,00;;
Departamento;Departamento de Ciencias Sociales (presencial);Grado;Profesorado de Ciencias Sociales;2003;2,00;2,00;
Departamento;Departamento de Ciencias Sociales (presencial);Grado;Profesorado de Ciencias Sociales;2004;1,00;1,00;
Departamento;Departamento de Ciencias Sociales (presencial);Grado;Profesorado de Ciencias Sociales;2006;1,00;;
Departamento;Departamento de Ciencias Sociales (presencial);Grado;Profesorado de Ciencias Sociales;2007;2,00;2,00;
Departamento;Departamento de Ciencias Sociales (presencial);Grado;Profesorado de Ciencias Sociales;2008;13,00;11,00;
Departamento;Departamento de Ciencias Sociales (presencial);Grado;Profesorado de Ciencias Sociales;2009;38,00;27,00;
Departamento;Departamento de Ciencias Sociales (presencial);Grado;Profesorado de Ciencias Sociales;2010;75,00;49,00;3,00
Departamento;Departamento de Ciencias Sociales (presencial);Grado;Profesorado de Ciencias Sociales;2011;95,00;58,00;1,00
Departamento;Departamento de Ciencias Sociales (presencial);Grado;Profesorado de Ciencias Sociales;2012;129,00;54,00;4,00
Departamento;Departamento de Ciencias Sociales (presencial);Grado;Profesorado de Ciencias Sociales;2013;128,00;38,00;1,00
Departamento;Departamento de Ciencias Sociales (presencial);Grado;Profesorado de Ciencias Sociales;2014;156,00;61,00;9,00
Departamento;Departamento de Ciencias Sociales (presencial);Grado;Profesorado de Ciencias Sociales;2015;157,00;57,00;3,00
Departamento;Departamento de Ciencias Sociales (presencial);Grado;Profesorado de Ciencias Sociales;2016;225,00;106,00;1,00
Departamento;Departamento de Ciencias Sociales (presencial);Grado;Profesorado de Ciencias Sociales;2017;255,00;118,00;10,00
Departamento;Departamento de Ciencias Sociales (presencial);Grado;Profesorado de Ciencias Sociales;2018;289,00;127,00;5,00
Departamento;Departamento de Ciencias Sociales (presencial);Grado;Profesorado de Ciencias Sociales;2019;324,00;124,00;4,00
Departamento;Departamento de Ciencias Sociales (presencial);Grado;Profesorado de Ciencias Sociales;2020;301,00;70,00;2,00
Departamento;Departamento de Ciencias Sociales (presencial);Grado;Profesorado de Ciencias Sociales;2021;340,00;40,00;15,00
Departamento;Departamento de Ciencias Sociales (presencial);Grado;Profesorado de Ciencias Sociales;2022;296,00;61,00;32,00
Departamento;Departamento de Ciencias Sociales (presencial);Grado;Profesorado de Ciencias Sociales;2023;240,00;49,00;22,00
Departamento;Departamento de Ciencias Sociales (presencial);Grado;Profesorado de Ciencias Sociales;2024;240,00;48,00;15,00
Departamento;Departamento de Ciencias Sociales (presencial);Grado;Profesorado de Ciencias Sociales;2025;198,00;36,00;1,00
Departamento;Departamento de Ciencias Sociales (presencial);Grado;Profesorado de Comunicación Social;2000;1,00;1,00;
Departamento;Departamento de Ciencias Sociales (presencial);Grado;Profesorado de Comunicación Social;2001;1,00;;
Departamento;Departamento de Ciencias Sociales (presencial);Grado;Profesorado de Comunicación Social;2002;2,00;1,00;
Departamento;Departamento de Ciencias Sociales (presencial);Grado;Profesorado de Comunicación Social;2003;3,00;2,00;
Departamento;Departamento de Ciencias Sociales (presencial);Grado;Profesorado de Comunicación Social;2004;4,00;1,00;
Departamento;Departamento de Ciencias Sociales (presencial);Grado;Profesorado de Comunicación Social;2005;3,00;1,00;
Departamento;Departamento de Ciencias Sociales (presencial);Grado;Profesorado de Comunicación Social;2006;2,00;;
Departamento;Departamento de Ciencias Sociales (presencial);Grado;Profesorado de Comunicación Social;2007;2,00;1,00;
Departamento;Departamento de Ciencias Sociales (presencial);Grado;Profesorado de Comunicación Social;2008;74,00;74,00;
Departamento;Departamento de Ciencias Sociales (presencial);Grado;Profesorado de Comunicación Social;2009;58,00;19,00;8,00
Departamento;Departamento de Ciencias Sociales (presencial);Grado;Profesorado de Comunicación Social;2010;85,00;44,00;13,00
Departamento;Departamento de Ciencias Sociales (presencial);Grado;Profesorado de Comunicación Social;2011;79,00;33,00;6,00
Departamento;Departamento de Ciencias Sociales (presencial);Grado;Profesorado de Comunicación Social;2012;68,00;24,00;7,00
Departamento;Departamento de Ciencias Sociales (presencial);Grado;Profesorado de Comunicación Social;2013;71,00;36,00;5,00
Departamento;Departamento de Ciencias Sociales (presencial);Grado;Profesorado de Comunicación Social;2014;74,00;27,00;4,00
Departamento;Departamento de Ciencias Sociales (presencial);Grado;Profesorado de Comunicación Social;2015;95,00;43,00;7,00
Departamento;Departamento de Ciencias Sociales (presencial);Grado;Profesorado de Comunicación Social;2016;119,00;60,00;12,00
Departamento;Departamento de Ciencias Sociales (presencial);Grado;Profesorado de Comunicación Social;2017;137,00;50,00;14,00
Departamento;Departamento de Ciencias Sociales (presencial);Grado;Profesorado de Comunicación Social;2018;180,00;85,00;9,00
Departamento;Departamento de Ciencias Sociales (presencial);Grado;Profesorado de Comunicación Social;2019;194,00;76,00;3,00
Departamento;Departamento de Ciencias Sociales (presencial);Grado;Profesorado de Comunicación Social;2020;182,00;56,00;1,00
Departamento;Departamento de Ciencias Sociales (presencial);Grado;Profesorado de Comunicación Social;2021;258,00;28,00;14,00
Departamento;Departamento de Ciencias Sociales (presencial);Grado;Profesorado de Comunicación Social;2022;202,00;57,00;43,00
Departamento;Departamento de Ciencias Sociales (presencial);Grado;Profesorado de Comunicación Social;2023;166,00;44,00;23,00
Departamento;Departamento de Ciencias Sociales (presencial);Grado;Profesorado de Comunicación Social;2024;157,00;48,00;14,00
Departamento;Departamento de Ciencias Sociales (presencial);Grado;Profesorado de Comunicación Social;2025;157,00;45,00;
Departamento;Departamento de Ciencias Sociales (presencial);Grado;Profesorado de Educación;2001;3,00;3,00;
Departamento;Departamento de Ciencias Sociales (presencial);Grado;Profesorado de Educación;2002;7,00;4,00;
Departamento;Departamento de Ciencias Sociales (presencial);Grado;Profesorado de Educación;2003;8,00;1,00;
Departamento;Departamento de Ciencias Sociales (presencial);Grado;Profesorado de Educación;2004;5,00;;
Departamento;Departamento de Ciencias Sociales (presencial);Grado;Profesorado de Educación;2005;5,00;;
Departamento;Departamento de Ciencias Sociales (presencial);Grado;Profesorado de Educación;2006;3,00;;
Departamento;Departamento de Ciencias Sociales (presencial);Grado;Profesorado de Educación;2007;3,00;2,00;
Departamento;Departamento de Ciencias Sociales (presencial);Grado;Profesorado de Educación;2008;93,00;93,00;2,00
Departamento;Departamento de Ciencias Sociales (presencial);Grado;Profesorado de Educación;2009;89,00;24,00;23,00
Departamento;Departamento de Ciencias Sociales (presencial);Grado;Profesorado de Educación;2010;82,00;31,00;12,00
Departamento;Departamento de Ciencias Sociales (presencial);Grado;Profesorado de Educación;2011;88,00;38,00;13,00
Departamento;Departamento de Ciencias Sociales (presencial);Grado;Profesorado de Educación;2012;97,00;46,00;9,00
Departamento;Departamento de Ciencias Sociales (presencial);Grado;Profesorado de Educación;2013;112,00;51,00;6,00
Departamento;Departamento de Ciencias Sociales (presencial);Grado;Profesorado de Educación;2014;118,00;59,00;9,00
Departamento;Departamento de Ciencias Sociales (presencial);Grado;Profesorado de Educación;2015;125,00;55,00;8,00
Departamento;Departamento de Ciencias Sociales (presencial);Grado;Profesorado de Educación;2016;127,00;55,00;6,00
Departamento;Departamento de Ciencias Sociales (presencial);Grado;Profesorado de Educación;2017;152,00;79,00;6,00
Departamento;Departamento de Ciencias Sociales (presencial);Grado;Profesorado de Educación;2018;194,00;94,00;7,00
Departamento;Departamento de Ciencias Sociales (presencial);Grado;Profesorado de Educación;2019;199,00;81,00;8,00
Departamento;Departamento de Ciencias Sociales (presencial);Grado;Profesorado de Educación;2020;197,00;59,00;2,00
Departamento;Departamento de Ciencias Sociales (presencial);Grado;Profesorado de Educación;2021;375,00;42,00;18,00
Departamento;Departamento de Ciencias Sociales (presencial);Grado;Profesorado de Educación;2022;226,00;62,00;27,00
Departamento;Departamento de Ciencias Sociales (presencial);Grado;Profesorado de Educación;2023;223,00;65,00;23,00
Departamento;Departamento de Ciencias Sociales (presencial);Grado;Profesorado de Educación;2024;272,00;113,00;31,00
Departamento;Departamento de Ciencias Sociales (presencial);Grado;Profesorado de Educación;2025;242,00;71,00;2,00
Departamento;Departamento de Ciencias Sociales (presencial);Grado;Profesorado de Historia;2019;243,00;243,00;
Departamento;Departamento de Ciencias Sociales (presencial);Grado;Profesorado de Historia;2020;338,00;200,00;
Departamento;Departamento de Ciencias Sociales (presencial);Grado;Profesorado de Historia;2021;342,00;101,00;3,00
Departamento;Departamento de Ciencias Sociales (presencial);Grado;Profesorado de Historia;2022;391,00;131,00;15,00
Departamento;Departamento de Ciencias Sociales (presencial);Grado;Profesorado de Historia;2023;443,00;148,00;15,00
Departamento;Departamento de Ciencias Sociales (presencial);Grado;Profesorado de Historia;2024;493,00;150,00;10,00
Departamento;Departamento de Ciencias Sociales (presencial);Grado;Profesorado de Historia;2025;507,00;146,00;
Departamento;Departamento de Ciencias Sociales (presencial);Pregrado;Tecnicatura Universitaria en el Acompañamiento y Cuidado de la Persona Mayor;2022;27,00;27,00;
Departamento;Departamento de Ciencias Sociales (presencial);Pregrado;Tecnicatura Universitaria en el Acompañamiento y Cuidado de la Persona Mayor;2023;88,00;81,00;
Departamento;Departamento de Ciencias Sociales (presencial);Pregrado;Tecnicatura Universitaria en el Acompañamiento y Cuidado de la Persona Mayor;2024;85,00;53,00;2,00
Departamento;Departamento de Ciencias Sociales (presencial);Pregrado;Tecnicatura Universitaria en el Acompañamiento y Cuidado de la Persona Mayor;2025;122,00;76,00;
Departamento;Departamento de Economía y Administración (presencial);Grado;Licenciatura en Administración Hotelera;1991;71,00;71,00;
Departamento;Departamento de Economía y Administración (presencial);Grado;Licenciatura en Administración Hotelera;1992;578,00;578,00;
Departamento;Departamento de Economía y Administración (presencial);Grado;Licenciatura en Administración Hotelera;1993;5,00;;1,00
Departamento;Departamento de Economía y Administración (presencial);Grado;Licenciatura en Administración Hotelera;1994;8,00;;1,00
Departamento;Departamento de Economía y Administración (presencial);Grado;Licenciatura en Administración Hotelera;1995;14,00;;2,00
Departamento;Departamento de Economía y Administración (presencial);Grado;Licenciatura en Administración Hotelera;1996;16,00;;5,00
Departamento;Departamento de Economía y Administración (presencial);Grado;Licenciatura en Administración Hotelera;1997;66,00;54,00;3,00
Departamento;Departamento de Economía y Administración (presencial);Grado;Licenciatura en Administración Hotelera;1998;33,00;3,00;2,00
Departamento;Departamento de Economía y Administración (presencial);Grado;Licenciatura en Administración Hotelera;1999;101,00;28,00;12,00
Departamento;Departamento de Economía y Administración (presencial);Grado;Licenciatura en Administración Hotelera;2000;192,00;60,00;39,00
Departamento;Departamento de Economía y Administración (presencial);Grado;Licenciatura en Administración Hotelera;2001;293,00;137,00;41,00
Departamento;Departamento de Economía y Administración (presencial);Grado;Licenciatura en Administración Hotelera;2002;409,00;161,00;34,00
Departamento;Departamento de Economía y Administración (presencial);Grado;Licenciatura en Administración Hotelera;2003;570,00;214,00;75,00
Departamento;Departamento de Economía y Administración (presencial);Grado;Licenciatura en Administración Hotelera;2004;678,00;224,00;76,00
Departamento;Departamento de Economía y Administración (presencial);Grado;Licenciatura en Administración Hotelera;2005;708,00;185,00;70,00
Departamento;Departamento de Economía y Administración (presencial);Grado;Licenciatura en Administración Hotelera;2006;765,00;187,00;50,00
Departamento;Departamento de Economía y Administración (presencial);Grado;Licenciatura en Administración Hotelera;2007;792,00;202,00;66,00
Departamento;Departamento de Economía y Administración (presencial);Grado;Licenciatura en Administración Hotelera;2008;833,00;178,00;73,00
Departamento;Departamento de Economía y Administración (presencial);Grado;Licenciatura en Administración Hotelera;2009;1.020,00;368,00;65,00
Departamento;Departamento de Economía y Administración (presencial);Grado;Licenciatura en Administración Hotelera;2010;1.162,00;226,00;139,00
Departamento;Departamento de Economía y Administración (presencial);Grado;Licenciatura en Administración Hotelera;2011;1.092,00;179,00;75,00
Departamento;Departamento de Economía y Administración (presencial);Grado;Licenciatura en Administración Hotelera;2012;880,00;143,00;70,00
Departamento;Departamento de Economía y Administración (presencial);Grado;Licenciatura en Administración Hotelera;2013;864,00;187,00;62,00
Departamento;Departamento de Economía y Administración (presencial);Grado;Licenciatura en Administración Hotelera;2014;844,00;187,00;34,00
Departamento;Departamento de Economía y Administración (presencial);Grado;Licenciatura en Administración Hotelera;2015;768,00;147,00;35,00
Departamento;Departamento de Economía y Administración (presencial);Grado;Licenciatura en Administración Hotelera;2016;839,00;291,00;42,00
Departamento;Departamento de Economía y Administración (presencial);Grado;Licenciatura en Administración Hotelera;2017;793,00;264,00;41,00
Departamento;Departamento de Economía y Administración (presencial);Grado;Licenciatura en Administración Hotelera;2018;812,00;287,00;36,00
Departamento;Departamento de Economía y Administración (presencial);Grado;Licenciatura en Administración Hotelera;2019;998,00;385,00;44,00
Departamento;Departamento de Economía y Administración (presencial);Grado;Licenciatura en Administración Hotelera;2020;946,00;297,00;40,00
Departamento;Departamento de Economía y Administración (presencial);Grado;Licenciatura en Administración Hotelera;2021;1.888,00;144,00;11,00
Departamento;Departamento de Economía y Administración (presencial);Grado;Licenciatura en Administración Hotelera;2022;881,00;185,00;38,00
Departamento;Departamento de Economía y Administración (presencial);Grado;Licenciatura en Administración Hotelera;2023;808,00;239,00;35,00
Departamento;Departamento de Economía y Administración (presencial);Grado;Licenciatura en Administración Hotelera;2024;822,00;222,00;29,00
Departamento;Departamento de Economía y Administración (presencial);Grado;Licenciatura en Administración Hotelera;2025;726,00;192,00;4,00
Departamento;Departamento de Economía y Administración (presencial);Grado;Licenciatura en Administración Hotelera (Ciclo de Complementación Curricular);2024;4,00;4,00;
Departamento;Departamento de Economía y Administración (presencial);Grado;Licenciatura en Administración Hotelera (Ciclo de Complementación Curricular);2025;6,00;2,00;
Departamento;Departamento de Economía y Administración (presencial);Grado;Licenciatura en Comercio Internacional - presencial;1991;122,00;122,00;
Departamento;Departamento de Economía y Administración (presencial);Grado;Licenciatura en Comercio Internacional - presencial;1992;115,00;113,00;
Departamento;Departamento de Economía y Administración (presencial);Grado;Licenciatura en Comercio Internacional - presencial;1993;78,00;75,00;
Departamento;Departamento de Economía y Administración (presencial);Grado;Licenciatura en Comercio Internacional - presencial;1994;55,00;54,00;
Departamento;Departamento de Economía y Administración (presencial);Grado;Licenciatura en Comercio Internacional - presencial;1995;56,00;54,00;
Departamento;Departamento de Economía y Administración (presencial);Grado;Licenciatura en Comercio Internacional - presencial;1996;59,00;57,00;
Departamento;Departamento de Economía y Administración (presencial);Grado;Licenciatura en Comercio Internacional - presencial;1997;489,00;488,00;2,00
Departamento;Departamento de Economía y Administración (presencial);Grado;Licenciatura en Comercio Internacional - presencial;1998;406,00;7,00;44,00
Departamento;Departamento de Economía y Administración (presencial);Grado;Licenciatura en Comercio Internacional - presencial;1999;387,00;52,00;43,00
Departamento;Departamento de Economía y Administración (presencial);Grado;Licenciatura en Comercio Internacional - presencial;2000;373,00;54,00;63,00
Departamento;Departamento de Economía y Administración (presencial);Grado;Licenciatura en Comercio Internacional - presencial;2001;400,00;85,00;86,00
Departamento;Departamento de Economía y Administración (presencial);Grado;Licenciatura en Comercio Internacional - presencial;2002;399,00;103,00;72,00
Departamento;Departamento de Economía y Administración (presencial);Grado;Licenciatura en Comercio Internacional - presencial;2003;429,00;135,00;71,00
Departamento;Departamento de Economía y Administración (presencial);Grado;Licenciatura en Comercio Internacional - presencial;2004;484,00;147,00;71,00
Departamento;Departamento de Economía y Administración (presencial);Grado;Licenciatura en Comercio Internacional - presencial;2005;503,00;126,00;65,00
Departamento;Departamento de Economía y Administración (presencial);Grado;Licenciatura en Comercio Internacional - presencial;2006;576,00;194,00;69,00
Departamento;Departamento de Economía y Administración (presencial);Grado;Licenciatura en Comercio Internacional - presencial;2007;637,00;189,00;72,00
Departamento;Departamento de Economía y Administración (presencial);Grado;Licenciatura en Comercio Internacional - presencial;2008;827,00;299,00;100,00
Departamento;Departamento de Economía y Administración (presencial);Grado;Licenciatura en Comercio Internacional - presencial;2009;1.176,00;512,00;123,00
Departamento;Departamento de Economía y Administración (presencial);Grado;Licenciatura en Comercio Internacional - presencial;2010;1.324,00;344,00;127,00
Departamento;Departamento de Economía y Administración (presencial);Grado;Licenciatura en Comercio Internacional - presencial;2011;1.365,00;267,00;68,00
Departamento;Departamento de Economía y Administración (presencial);Grado;Licenciatura en Comercio Internacional - presencial;2012;1.432,00;308,00;108,00
Departamento;Departamento de Economía y Administración (presencial);Grado;Licenciatura en Comercio Internacional - presencial;2013;1.397,00;277,00;85,00
Departamento;Departamento de Economía y Administración (presencial);Grado;Licenciatura en Comercio Internacional - presencial;2014;1.398,00;301,00;77,00
Departamento;Departamento de Economía y Administración (presencial);Grado;Licenciatura en Comercio Internacional - presencial;2015;1.316,00;283,00;52,00
Departamento;Departamento de Economía y Administración (presencial);Grado;Licenciatura en Comercio Internacional - presencial;2016;1.550,00;528,00;113,00
Departamento;Departamento de Economía y Administración (presencial);Grado;Licenciatura en Comercio Internacional - presencial;2017;1.493,00;425,00;95,00
Departamento;Departamento de Economía y Administración (presencial);Grado;Licenciatura en Comercio Internacional - presencial;2018;1.488,00;455,00;98,00
Departamento;Departamento de Economía y Administración (presencial);Grado;Licenciatura en Comercio Internacional - presencial;2019;1.601,00;544,00;76,00
Departamento;Departamento de Economía y Administración (presencial);Grado;Licenciatura en Comercio Internacional - presencial;2020;1.553,00;421,00;63,00
Departamento;Departamento de Economía y Administración (presencial);Grado;Licenciatura en Comercio Internacional - presencial;2021;2.141,00;275,00;4,00
Departamento;Departamento de Economía y Administración (presencial);Grado;Licenciatura en Comercio Internacional - presencial;2022;1.609,00;371,00;89,00
Departamento;Departamento de Economía y Administración (presencial);Grado;Licenciatura en Comercio Internacional - presencial;2023;1.623,00;445,00;72,00
Departamento;Departamento de Economía y Administración (presencial);Grado;Licenciatura en Comercio Internacional - presencial;2024;1.801,00;563,00;54,00
Departamento;Departamento de Economía y Administración (presencial);Grado;Licenciatura en Comercio Internacional - presencial;2025;1.858,00;542,00;
Departamento;Departamento de Economía y Administración (presencial);Grado;Licenciatura en Economía del Desarrollo;2014;24,00;24,00;
Departamento;Departamento de Economía y Administración (presencial);Grado;Licenciatura en Economía del Desarrollo;2015;59,00;40,00;
Departamento;Departamento de Economía y Administración (presencial);Grado;Licenciatura en Economía del Desarrollo;2016;107,00;69,00;
Departamento;Departamento de Economía y Administración (presencial);Grado;Licenciatura en Economía del Desarrollo;2017;137,00;71,00;3,00
Departamento;Departamento de Economía y Administración (presencial);Grado;Licenciatura en Economía del Desarrollo;2018;153,00;65,00;
Departamento;Departamento de Economía y Administración (presencial);Grado;Licenciatura en Economía del Desarrollo;2019;188,00;83,00;
Departamento;Departamento de Economía y Administración (presencial);Grado;Licenciatura en Economía del Desarrollo;2020;204,00;72,00;2,00
Departamento;Departamento de Economía y Administración (presencial);Grado;Licenciatura en Economía del Desarrollo;2021;200,00;40,00;3,00
Departamento;Departamento de Economía y Administración (presencial);Grado;Licenciatura en Economía del Desarrollo;2022;203,00;45,00;11,00
Departamento;Departamento de Economía y Administración (presencial);Grado;Licenciatura en Economía del Desarrollo;2023;209,00;48,00;4,00
Departamento;Departamento de Economía y Administración (presencial);Grado;Licenciatura en Economía del Desarrollo;2024;233,00;78,00;4,00
Departamento;Departamento de Economía y Administración (presencial);Grado;Licenciatura en Economía del Desarrollo;2025;235,00;75,00;2,00
Departamento;Departamento de Economía y Administración (presencial);Grado;Licenciatura en Gestión de Recursos Humanos y Relaciones Laborales;2016;540,00;540,00;
Departamento;Departamento de Economía y Administración (presencial);Grado;Licenciatura en Gestión de Recursos Humanos y Relaciones Laborales;2017;897,00;626,00;
Departamento;Departamento de Economía y Administración (presencial);Grado;Licenciatura en Gestión de Recursos Humanos y Relaciones Laborales;2018;1.086,00;583,00;
Departamento;Departamento de Economía y Administración (presencial);Grado;Licenciatura en Gestión de Recursos Humanos y Relaciones Laborales;2019;1.380,00;686,00;
Departamento;Departamento de Economía y Administración (presencial);Grado;Licenciatura en Gestión de Recursos Humanos y Relaciones Laborales;2020;1.346,00;417,00;2,00
Departamento;Departamento de Economía y Administración (presencial);Grado;Licenciatura en Gestión de Recursos Humanos y Relaciones Laborales;2021;1.405,00;242,00;32,00
Departamento;Departamento de Economía y Administración (presencial);Grado;Licenciatura en Gestión de Recursos Humanos y Relaciones Laborales;2022;1.291,00;295,00;56,00
Departamento;Departamento de Economía y Administración (presencial);Grado;Licenciatura en Gestión de Recursos Humanos y Relaciones Laborales;2023;1.288,00;342,00;28,00
Departamento;Departamento de Economía y Administración (presencial);Grado;Licenciatura en Gestión de Recursos Humanos y Relaciones Laborales;2024;1.396,00;412,00;95,00
Departamento;Departamento de Economía y Administración (presencial);Grado;Licenciatura en Gestión de Recursos Humanos y Relaciones Laborales;2025;1.326,00;343,00;
Departamento;Departamento de Economía y Administración (presencial);Grado;Tecnicatura Universitaria en Administración Hotelera;1991;19,00;19,00;
Departamento;Departamento de Economía y Administración (presencial);Grado;Tecnicatura Universitaria en Administración Hotelera;1992;469,00;458,00;
Departamento;Departamento de Economía y Administración (presencial);Grado;Tecnicatura Universitaria en Administración Hotelera;1993;40,00;;
Departamento;Departamento de Economía y Administración (presencial);Grado;Tecnicatura Universitaria en Administración Hotelera;1994;111,00;;
Departamento;Departamento de Economía y Administración (presencial);Grado;Tecnicatura Universitaria en Administración Hotelera;1995;235,00;;
Departamento;Departamento de Economía y Administración (presencial);Grado;Tecnicatura Universitaria en Administración Hotelera;1996;391,00;;
Departamento;Departamento de Economía y Administración (presencial);Grado;Tecnicatura Universitaria en Administración Hotelera;1997;405,00;4,00;1,00
Departamento;Departamento de Economía y Administración (presencial);Grado;Tecnicatura Universitaria en Administración Hotelera;1998;393,00;3,00;
Departamento;Departamento de Economía y Administración (presencial);Grado;Tecnicatura Universitaria en Administración Hotelera;1999;340,00;;22,00
Departamento;Departamento de Economía y Administración (presencial);Grado;Tecnicatura Universitaria en Administración Hotelera;2000;289,00;;12,00
Departamento;Departamento de Economía y Administración (presencial);Grado;Tecnicatura Universitaria en Administración Hotelera;2001;245,00;3,00;33,00
Departamento;Departamento de Economía y Administración (presencial);Grado;Tecnicatura Universitaria en Administración Hotelera;2002;120,00;;18,00
Departamento;Departamento de Economía y Administración (presencial);Grado;Tecnicatura Universitaria en Administración Hotelera;2003;126,00;;18,00
Departamento;Departamento de Economía y Administración (presencial);Grado;Tecnicatura Universitaria en Administración Hotelera;2004;37,00;;7,00
Departamento;Departamento de Economía y Administración (presencial);Grado;Tecnicatura Universitaria en Administración Hotelera;2005;26,00;;2,00
Departamento;Departamento de Economía y Administración (presencial);Grado;Tecnicatura Universitaria en Administración Hotelera;2006;12,00;;3,00
Departamento;Departamento de Economía y Administración (presencial);Grado;Tecnicatura Universitaria en Administración Hotelera;2007;6,00;;1,00
Departamento;Departamento de Economía y Administración (presencial);Grado;Tecnicatura Universitaria en Administración Hotelera;2008;7,00;;
Departamento;Departamento de Economía y Administración (presencial);Grado;Tecnicatura Universitaria en Administración Hotelera;2009;2,00;;
Departamento;Departamento de Economía y Administración (presencial);Grado;Tecnicatura Universitaria en Administración Hotelera;2010;2,00;;3,00
Departamento;Departamento de Economía y Administración (presencial);Grado;Tecnicatura Universitaria en Administración Hotelera;2011;3,00;;
Departamento;Departamento de Economía y Administración (presencial);Grado;Tecnicatura Universitaria en Administración Hotelera;2012;2,00;;
Departamento;Departamento de Economía y Administración (presencial);Grado;Tecnicatura Universitaria en Administración Hotelera;2014;1,00;;
Departamento;Departamento de Economía y Administración (presencial);Grado;Tecnicatura Universitaria en Administración Hotelera;2015;1,00;;
Departamento;Departamento de Economía y Administración (presencial);Grado;Tecnicatura Universitaria en Administración Hotelera;2016;2,00;;
Departamento;Departamento de Economía y Administración (presencial);Pregrado;Tecnicatura Universitaria en Economía Social y Solidaria;2012;246,00;246,00;
Departamento;Departamento de Economía y Administración (presencial);Pregrado;Tecnicatura Universitaria en Economía Social y Solidaria;2013;276,00;87,00;
Departamento;Departamento de Economía y Administración (presencial);Pregrado;Tecnicatura Universitaria en Economía Social y Solidaria;2014;635,00;424,00;24,00
Departamento;Departamento de Economía y Administración (presencial);Pregrado;Tecnicatura Universitaria en Economía Social y Solidaria;2015;409,00;63,00;13,00
Departamento;Departamento de Economía y Administración (presencial);Pregrado;Tecnicatura Universitaria en Economía Social y Solidaria;2016;351,00;74,00;90,00
Departamento;Departamento de Economía y Administración (presencial);Pregrado;Tecnicatura Universitaria en Economía Social y Solidaria;2017;260,00;130,00;16,00
Departamento;Departamento de Economía y Administración (presencial);Pregrado;Tecnicatura Universitaria en Economía Social y Solidaria;2018;189,00;60,00;12,00
Departamento;Departamento de Economía y Administración (presencial);Pregrado;Tecnicatura Universitaria en Economía Social y Solidaria;2019;206,00;80,00;6,00
Departamento;Departamento de Economía y Administración (presencial);Pregrado;Tecnicatura Universitaria en Economía Social y Solidaria;2020;208,00;59,00;6,00
Departamento;Departamento de Economía y Administración (presencial);Pregrado;Tecnicatura Universitaria en Economía Social y Solidaria;2021;354,00;57,00;6,00
Departamento;Departamento de Economía y Administración (presencial);Pregrado;Tecnicatura Universitaria en Economía Social y Solidaria;2022;157,00;34,00;19,00
Departamento;Departamento de Economía y Administración (presencial);Pregrado;Tecnicatura Universitaria en Economía Social y Solidaria;2023;165,00;66,00;12,00
Departamento;Departamento de Economía y Administración (presencial);Pregrado;Tecnicatura Universitaria en Economía Social y Solidaria;2024;185,00;83,00;9,00
Departamento;Departamento de Economía y Administración (presencial);Pregrado;Tecnicatura Universitaria en Economía Social y Solidaria;2025;152,00;55,00;
Departamento;Departamento de Economía y Administración (presencial);Pregrado;Tecnicatura Universitaria en Gestión Universitaria;2018;57,00;57,00;
Departamento;Departamento de Economía y Administración (presencial);Pregrado;Tecnicatura Universitaria en Gestión Universitaria;2019;26,00;;
Departamento;Departamento de Economía y Administración (presencial);Pregrado;Tecnicatura Universitaria en Gestión Universitaria;2020;22,00;1,00;
Departamento;Departamento de Economía y Administración (presencial);Pregrado;Tecnicatura Universitaria en Gestión Universitaria;2021;24,00;;4,00
Departamento;Departamento de Economía y Administración (presencial);Pregrado;Tecnicatura Universitaria en Gestión Universitaria;2022;14,00;;3,00
Departamento;Departamento de Economía y Administración (presencial);Pregrado;Tecnicatura Universitaria en Gestión Universitaria;2023;8,00;;
Departamento;Departamento de Economía y Administración (presencial);Pregrado;Tecnicatura Universitaria en Gestión Universitaria;2024;6,00;;
Departamento;Departamento de Economía y Administración (presencial);Pregrado;Tecnicatura Universitaria en Gestión Universitaria;2025;4,00;;
Departamento;Departamento de Economía y Administración (presencial);Pregrado;Tecnicatura Universitaria en Gestión de Pequeñas y Medianas Empresas;2016;33,00;33,00;
Departamento;Departamento de Economía y Administración (presencial);Pregrado;Tecnicatura Universitaria en Gestión de Pequeñas y Medianas Empresas;2017;143,00;130,00;
Departamento;Departamento de Economía y Administración (presencial);Pregrado;Tecnicatura Universitaria en Gestión de Pequeñas y Medianas Empresas;2018;221,00;171,00;
Departamento;Departamento de Economía y Administración (presencial);Pregrado;Tecnicatura Universitaria en Gestión de Pequeñas y Medianas Empresas;2019;305,00;176,00;
Departamento;Departamento de Economía y Administración (presencial);Pregrado;Tecnicatura Universitaria en Gestión de Pequeñas y Medianas Empresas;2020;311,00;144,00;1,00
Departamento;Departamento de Economía y Administración (presencial);Pregrado;Tecnicatura Universitaria en Gestión de Pequeñas y Medianas Empresas;2021;287,00;44,00;6,00
Departamento;Departamento de Economía y Administración (presencial);Pregrado;Tecnicatura Universitaria en Gestión de Pequeñas y Medianas Empresas;2022;276,00;120,00;11,00
Departamento;Departamento de Economía y Administración (presencial);Pregrado;Tecnicatura Universitaria en Gestión de Pequeñas y Medianas Empresas;2023;350,00;175,00;4,00
Departamento;Departamento de Economía y Administración (presencial);Pregrado;Tecnicatura Universitaria en Gestión de Pequeñas y Medianas Empresas;2024;441,00;209,00;6,00
Departamento;Departamento de Economía y Administración (presencial);Pregrado;Tecnicatura Universitaria en Gestión de Pequeñas y Medianas Empresas;2025;443,00;163,00;
Escuela Universitaria;Escuela Universitaria de Artes (presencial);Grado;Licenciatura en Artes Digitales;2016;46,00;46,00;
Escuela Universitaria;Escuela Universitaria de Artes (presencial);Grado;Licenciatura en Artes Digitales;2017;199,00;175,00;
Escuela Universitaria;Escuela Universitaria de Artes (presencial);Grado;Licenciatura en Artes Digitales;2018;293,00;190,00;
Escuela Universitaria;Escuela Universitaria de Artes (presencial);Grado;Licenciatura en Artes Digitales;2019;512,00;287,00;1,00
Escuela Universitaria;Escuela Universitaria de Artes (presencial);Grado;Licenciatura en Artes Digitales;2020;602,00;221,00;2,00
Escuela Universitaria;Escuela Universitaria de Artes (presencial);Grado;Licenciatura en Artes Digitales;2021;699,00;167,00;3,00
Escuela Universitaria;Escuela Universitaria de Artes (presencial);Grado;Licenciatura en Artes Digitales;2022;699,00;205,00;26,00
Escuela Universitaria;Escuela Universitaria de Artes (presencial);Grado;Licenciatura en Artes Digitales;2023;753,00;251,00;21,00
Escuela Universitaria;Escuela Universitaria de Artes (presencial);Grado;Licenciatura en Artes Digitales;2024;887,00;295,00;33,00
Escuela Universitaria;Escuela Universitaria de Artes (presencial);Grado;Licenciatura en Artes Digitales;2025;844,00;218,00;
Escuela Universitaria;Escuela Universitaria de Artes (presencial);Grado;Licenciatura en Composición con Medios Electroacústicos;1997;1,00;1,00;
Escuela Universitaria;Escuela Universitaria de Artes (presencial);Grado;Licenciatura en Composición con Medios Electroacústicos;1999;2,00;1,00;
Escuela Universitaria;Escuela Universitaria de Artes (presencial);Grado;Licenciatura en Composición con Medios Electroacústicos;2000;269,00;269,00;
Escuela Universitaria;Escuela Universitaria de Artes (presencial);Grado;Licenciatura en Composición con Medios Electroacústicos;2001;343,00;135,00;5,00
Escuela Universitaria;Escuela Universitaria de Artes (presencial);Grado;Licenciatura en Composición con Medios Electroacústicos;2002;411,00;150,00;9,00
Escuela Universitaria;Escuela Universitaria de Artes (presencial);Grado;Licenciatura en Composición con Medios Electroacústicos;2003;434,00;131,00;13,00
Escuela Universitaria;Escuela Universitaria de Artes (presencial);Grado;Licenciatura en Composición con Medios Electroacústicos;2004;461,00;135,00;6,00
Escuela Universitaria;Escuela Universitaria de Artes (presencial);Grado;Licenciatura en Composición con Medios Electroacústicos;2005;426,00;102,00;7,00
Escuela Universitaria;Escuela Universitaria de Artes (presencial);Grado;Licenciatura en Composición con Medios Electroacústicos;2006;468,00;137,00;22,00
Escuela Universitaria;Escuela Universitaria de Artes (presencial);Grado;Licenciatura en Composición con Medios Electroacústicos;2007;443,00;97,00;24,00
Escuela Universitaria;Escuela Universitaria de Artes (presencial);Grado;Licenciatura en Composición con Medios Electroacústicos;2008;441,00;110,00;21,00
Escuela Universitaria;Escuela Universitaria de Artes (presencial);Grado;Licenciatura en Composición con Medios Electroacústicos;2009;407,00;96,00;26,00
Escuela Universitaria;Escuela Universitaria de Artes (presencial);Grado;Licenciatura en Composición con Medios Electroacústicos;2010;426,00;94,00;7,00
Escuela Universitaria;Escuela Universitaria de Artes (presencial);Grado;Licenciatura en Composición con Medios Electroacústicos;2011;445,00;79,00;9,00
Escuela Universitaria;Escuela Universitaria de Artes (presencial);Grado;Licenciatura en Composición con Medios Electroacústicos;2012;394,00;89,00;34,00
Escuela Universitaria;Escuela Universitaria de Artes (presencial);Grado;Licenciatura en Composición con Medios Electroacústicos;2013;377,00;77,00;33,00
Escuela Universitaria;Escuela Universitaria de Artes (presencial);Grado;Licenciatura en Composición con Medios Electroacústicos;2014;380,00;81,00;8,00
Escuela Universitaria;Escuela Universitaria de Artes (presencial);Grado;Licenciatura en Composición con Medios Electroacústicos;2015;331,00;77,00;13,00
Escuela Universitaria;Escuela Universitaria de Artes (presencial);Grado;Licenciatura en Composición con Medios Electroacústicos;2016;382,00;121,00;31,00
Escuela Universitaria;Escuela Universitaria de Artes (presencial);Grado;Licenciatura en Composición con Medios Electroacústicos;2017;365,00;91,00;27,00
Escuela Universitaria;Escuela Universitaria de Artes (presencial);Grado;Licenciatura en Composición con Medios Electroacústicos;2018;347,00;92,00;9,00
Escuela Universitaria;Escuela Universitaria de Artes (presencial);Grado;Licenciatura en Composición con Medios Electroacústicos;2019;369,00;94,00;15,00
Escuela Universitaria;Escuela Universitaria de Artes (presencial);Grado;Licenciatura en Composición con Medios Electroacústicos;2020;313,00;67,00;1,00
Escuela Universitaria;Escuela Universitaria de Artes (presencial);Grado;Licenciatura en Composición con Medios Electroacústicos;2021;537,00;34,00;5,00
Escuela Universitaria;Escuela Universitaria de Artes (presencial);Grado;Licenciatura en Composición con Medios Electroacústicos;2022;280,00;26,00;5,00
Escuela Universitaria;Escuela Universitaria de Artes (presencial);Grado;Licenciatura en Composición con Medios Electroacústicos;2023;239,00;51,00;14,00
Escuela Universitaria;Escuela Universitaria de Artes (presencial);Grado;Licenciatura en Composición con Medios Electroacústicos;2024;263,00;52,00;3,00
Escuela Universitaria;Escuela Universitaria de Artes (presencial);Grado;Licenciatura en Composición con Medios Electroacústicos;2025;216,00;33,00;
Escuela Universitaria;Escuela Universitaria de Artes (presencial);Grado;Licenciatura en Música y Tecnología;2012;135,00;135,00;
Escuela Universitaria;Escuela Universitaria de Artes (presencial);Grado;Licenciatura en Música y Tecnología;2013;163,00;61,00;2,00
Escuela Universitaria;Escuela Universitaria de Artes (presencial);Grado;Licenciatura en Música y Tecnología;2014;223,00;94,00;4,00
Escuela Universitaria;Escuela Universitaria de Artes (presencial);Grado;Licenciatura en Música y Tecnología;2015;246,00;86,00;2,00
Escuela Universitaria;Escuela Universitaria de Artes (presencial);Grado;Licenciatura en Música y Tecnología;2016;371,00;201,00;2,00
Escuela Universitaria;Escuela Universitaria de Artes (presencial);Grado;Licenciatura en Música y Tecnología;2017;440,00;183,00;16,00
Escuela Universitaria;Escuela Universitaria de Artes (presencial);Grado;Licenciatura en Música y Tecnología;2018;442,00;174,00;9,00
Escuela Universitaria;Escuela Universitaria de Artes (presencial);Grado;Licenciatura en Música y Tecnología;2019;525,00;226,00;13,00
Escuela Universitaria;Escuela Universitaria de Artes (presencial);Grado;Licenciatura en Música y Tecnología;2020;460,00;128,00;14,00
Escuela Universitaria;Escuela Universitaria de Artes (presencial);Grado;Licenciatura en Música y Tecnología;2021;698,00;65,00;10,00
Escuela Universitaria;Escuela Universitaria de Artes (presencial);Grado;Licenciatura en Música y Tecnología;2022;357,00;58,00;9,00
Escuela Universitaria;Escuela Universitaria de Artes (presencial);Grado;Licenciatura en Música y Tecnología;2023;337,00;90,00;8,00
Escuela Universitaria;Escuela Universitaria de Artes (presencial);Grado;Licenciatura en Música y Tecnología;2024;350,00;92,00;3,00
Escuela Universitaria;Escuela Universitaria de Artes (presencial);Grado;Licenciatura en Música y Tecnología;2025;361,00;100,00;
Escuela Universitaria;Escuela Universitaria de Artes (presencial);Pregrado;Tecnicatura Universitaria en Creación Musical;2019;21,00;21,00;
Escuela Universitaria;Escuela Universitaria de Artes (presencial);Pregrado;Tecnicatura Universitaria en Creación Musical;2020;97,00;79,00;
Escuela Universitaria;Escuela Universitaria de Artes (presencial);Pregrado;Tecnicatura Universitaria en Creación Musical;2021;110,00;47,00;
Escuela Universitaria;Escuela Universitaria de Artes (presencial);Pregrado;Tecnicatura Universitaria en Creación Musical;2022;130,00;60,00;3,00
Escuela Universitaria;Escuela Universitaria de Artes (presencial);Pregrado;Tecnicatura Universitaria en Creación Musical;2023;145,00;66,00;2,00
Escuela Universitaria;Escuela Universitaria de Artes (presencial);Pregrado;Tecnicatura Universitaria en Creación Musical;2024;172,00;86,00;3,00
Escuela Universitaria;Escuela Universitaria de Artes (presencial);Pregrado;Tecnicatura Universitaria en Creación Musical;2025;212,00;100,00;
Escuela Universitaria;Escuela Universitaria de Artes (presencial);Pregrado;Tecnicatura Universitaria en Producción Digital;2014;3,00;3,00;
Escuela Universitaria;Escuela Universitaria de Artes (presencial);Pregrado;Tecnicatura Universitaria en Producción Digital;2015;107,00;106,00;
Escuela Universitaria;Escuela Universitaria de Artes (presencial);Pregrado;Tecnicatura Universitaria en Producción Digital;2016;293,00;209,00;
Escuela Universitaria;Escuela Universitaria de Artes (presencial);Pregrado;Tecnicatura Universitaria en Producción Digital;2017;325,00;128,00;2,00
Escuela Universitaria;Escuela Universitaria de Artes (presencial);Pregrado;Tecnicatura Universitaria en Producción Digital;2018;371,00;159,00;13,00
Escuela Universitaria;Escuela Universitaria de Artes (presencial);Pregrado;Tecnicatura Universitaria en Producción Digital;2019;439,00;230,00;15,00
Escuela Universitaria;Escuela Universitaria de Artes (presencial);Pregrado;Tecnicatura Universitaria en Producción Digital;2020;382,00;138,00;5,00
Escuela Universitaria;Escuela Universitaria de Artes (presencial);Pregrado;Tecnicatura Universitaria en Producción Digital;2021;356,00;103,00;2,00
Escuela Universitaria;Escuela Universitaria de Artes (presencial);Pregrado;Tecnicatura Universitaria en Producción Digital;2022;470,00;113,00;6,00
Escuela Universitaria;Escuela Universitaria de Artes (presencial);Pregrado;Tecnicatura Universitaria en Producción Digital;2023;414,00;179,00;9,00
Escuela Universitaria;Escuela Universitaria de Artes (presencial);Pregrado;Tecnicatura Universitaria en Producción Digital;2024;545,00;274,00;10,00
Escuela Universitaria;Escuela Universitaria de Artes (presencial);Pregrado;Tecnicatura Universitaria en Producción Digital;2025;644,00;285,00;
Escuela Universitaria;Escuela Universitaria de Artes (presencial);Pregrado;Tecnicatura Universitaria en Producción Musical y Nuevas Tecnologías;2019;105,00;105,00;
Escuela Universitaria;Escuela Universitaria de Artes (presencial);Pregrado;Tecnicatura Universitaria en Producción Musical y Nuevas Tecnologías;2020;337,00;257,00;
Escuela Universitaria;Escuela Universitaria de Artes (presencial);Pregrado;Tecnicatura Universitaria en Producción Musical y Nuevas Tecnologías;2021;400,00;169,00;
Escuela Universitaria;Escuela Universitaria de Artes (presencial);Pregrado;Tecnicatura Universitaria en Producción Musical y Nuevas Tecnologías;2022;430,00;165,00;11,00
Escuela Universitaria;Escuela Universitaria de Artes (presencial);Pregrado;Tecnicatura Universitaria en Producción Musical y Nuevas Tecnologías;2023;482,00;211,00;12,00
Escuela Universitaria;Escuela Universitaria de Artes (presencial);Pregrado;Tecnicatura Universitaria en Producción Musical y Nuevas Tecnologías;2024;604,00;265,00;13,00
Escuela Universitaria;Escuela Universitaria de Artes (presencial);Pregrado;Tecnicatura Universitaria en Producción Musical y Nuevas Tecnologías;2025;610,00;221,00;1,00
Departamento;Departamento de Ciencia y Tecnología (virtual);Pregrado;Tecnicatura Universitaria en Administración de Redes y Servicios TIC;2025;47,00;47,00;
Departamento;Departamento de Ciencia y Tecnología (virtual);Pregrado;Tecnicatura Universitaria en Higiene y Seguridad en el Trabajo;2020;147,00;147,00;
Departamento;Departamento de Ciencia y Tecnología (virtual);Pregrado;Tecnicatura Universitaria en Higiene y Seguridad en el Trabajo;2021;575,00;501,00;
Departamento;Departamento de Ciencia y Tecnología (virtual);Pregrado;Tecnicatura Universitaria en Higiene y Seguridad en el Trabajo;2022;857,00;631,00;7,00
Departamento;Departamento de Ciencia y Tecnología (virtual);Pregrado;Tecnicatura Universitaria en Higiene y Seguridad en el Trabajo;2023;1.007,00;721,00;7,00
Departamento;Departamento de Ciencia y Tecnología (virtual);Pregrado;Tecnicatura Universitaria en Higiene y Seguridad en el Trabajo;2024;1.169,00;761,00;17,00
Departamento;Departamento de Ciencia y Tecnología (virtual);Pregrado;Tecnicatura Universitaria en Higiene y Seguridad en el Trabajo;2025;1.138,00;781,00;
Departamento;Departamento de Ciencias Sociales (virtual);Grado;Licenciatura en Ciencias Sociales y Humanidades (Ciclo de Complementación Curricular);2000;1,00;1,00;
Departamento;Departamento de Ciencias Sociales (virtual);Grado;Licenciatura en Ciencias Sociales y Humanidades (Ciclo de Complementación Curricular);2001;359,00;358,00;
Departamento;Departamento de Ciencias Sociales (virtual);Grado;Licenciatura en Ciencias Sociales y Humanidades (Ciclo de Complementación Curricular);2002;330,00;137,00;20,00
Departamento;Departamento de Ciencias Sociales (virtual);Grado;Licenciatura en Ciencias Sociales y Humanidades (Ciclo de Complementación Curricular);2003;345,00;117,00;41,00
Departamento;Departamento de Ciencias Sociales (virtual);Grado;Licenciatura en Ciencias Sociales y Humanidades (Ciclo de Complementación Curricular);2004;346,00;109,00;34,00
Departamento;Departamento de Ciencias Sociales (virtual);Grado;Licenciatura en Ciencias Sociales y Humanidades (Ciclo de Complementación Curricular);2005;357,00;130,00;27,00
Departamento;Departamento de Ciencias Sociales (virtual);Grado;Licenciatura en Ciencias Sociales y Humanidades (Ciclo de Complementación Curricular);2006;424,00;158,00;28,00
Departamento;Departamento de Ciencias Sociales (virtual);Grado;Licenciatura en Ciencias Sociales y Humanidades (Ciclo de Complementación Curricular);2007;455,00;153,00;38,00
Departamento;Departamento de Ciencias Sociales (virtual);Grado;Licenciatura en Ciencias Sociales y Humanidades (Ciclo de Complementación Curricular);2008;503,00;189,00;39,00
Departamento;Departamento de Ciencias Sociales (virtual);Grado;Licenciatura en Ciencias Sociales y Humanidades (Ciclo de Complementación Curricular);2009;566,00;219,00;48,00
Departamento;Departamento de Ciencias Sociales (virtual);Grado;Licenciatura en Ciencias Sociales y Humanidades (Ciclo de Complementación Curricular);2010;539,00;166,00;44,00
Departamento;Departamento de Ciencias Sociales (virtual);Grado;Licenciatura en Ciencias Sociales y Humanidades (Ciclo de Complementación Curricular);2011;593,00;218,00;45,00
Departamento;Departamento de Ciencias Sociales (virtual);Grado;Licenciatura en Ciencias Sociales y Humanidades (Ciclo de Complementación Curricular);2012;604,00;200,00;44,00
Departamento;Departamento de Ciencias Sociales (virtual);Grado;Licenciatura en Ciencias Sociales y Humanidades (Ciclo de Complementación Curricular);2013;586,00;183,00;50,00
Departamento;Departamento de Ciencias Sociales (virtual);Grado;Licenciatura en Ciencias Sociales y Humanidades (Ciclo de Complementación Curricular);2014;583,00;182,00;46,00
Departamento;Departamento de Ciencias Sociales (virtual);Grado;Licenciatura en Ciencias Sociales y Humanidades (Ciclo de Complementación Curricular);2015;607,00;190,00;44,00
Departamento;Departamento de Ciencias Sociales (virtual);Grado;Licenciatura en Ciencias Sociales y Humanidades (Ciclo de Complementación Curricular);2016;669,00;240,00;48,00
Departamento;Departamento de Ciencias Sociales (virtual);Grado;Licenciatura en Ciencias Sociales y Humanidades (Ciclo de Complementación Curricular);2017;607,00;151,00;62,00
Departamento;Departamento de Ciencias Sociales (virtual);Grado;Licenciatura en Ciencias Sociales y Humanidades (Ciclo de Complementación Curricular);2018;635,00;248,00;50,00
Departamento;Departamento de Ciencias Sociales (virtual);Grado;Licenciatura en Ciencias Sociales y Humanidades (Ciclo de Complementación Curricular);2019;618,00;212,00;30,00
Departamento;Departamento de Ciencias Sociales (virtual);Grado;Licenciatura en Ciencias Sociales y Humanidades (Ciclo de Complementación Curricular);2020;622,00;210,00;24,00
Departamento;Departamento de Ciencias Sociales (virtual);Grado;Licenciatura en Ciencias Sociales y Humanidades (Ciclo de Complementación Curricular);2021;661,00;197,00;56,00
Departamento;Departamento de Ciencias Sociales (virtual);Grado;Licenciatura en Ciencias Sociales y Humanidades (Ciclo de Complementación Curricular);2022;656,00;246,00;51,00
Departamento;Departamento de Ciencias Sociales (virtual);Grado;Licenciatura en Ciencias Sociales y Humanidades (Ciclo de Complementación Curricular);2023;618,00;214,00;32,00
Departamento;Departamento de Ciencias Sociales (virtual);Grado;Licenciatura en Ciencias Sociales y Humanidades (Ciclo de Complementación Curricular);2024;525,00;151,00;42,00
Departamento;Departamento de Ciencias Sociales (virtual);Grado;Licenciatura en Ciencias Sociales y Humanidades (Ciclo de Complementación Curricular);2025;441,00;153,00;5,00
Departamento;Departamento de Ciencias Sociales (virtual);Grado;Licenciatura en Educación (Ciclo de Complementación Curricular);2001;1.752,00;1.752,00;2,00
Departamento;Departamento de Ciencias Sociales (virtual);Grado;Licenciatura en Educación (Ciclo de Complementación Curricular);2002;1.394,00;318,00;191,00
Departamento;Departamento de Ciencias Sociales (virtual);Grado;Licenciatura en Educación (Ciclo de Complementación Curricular);2003;1.294,00;342,00;469,00
Departamento;Departamento de Ciencias Sociales (virtual);Grado;Licenciatura en Educación (Ciclo de Complementación Curricular);2004;1.096,00;328,00;214,00
Departamento;Departamento de Ciencias Sociales (virtual);Grado;Licenciatura en Educación (Ciclo de Complementación Curricular);2005;1.023,00;374,00;170,00
Departamento;Departamento de Ciencias Sociales (virtual);Grado;Licenciatura en Educación (Ciclo de Complementación Curricular);2006;1.044,00;392,00;145,00
Departamento;Departamento de Ciencias Sociales (virtual);Grado;Licenciatura en Educación (Ciclo de Complementación Curricular);2007;1.013,00;327,00;150,00
Departamento;Departamento de Ciencias Sociales (virtual);Grado;Licenciatura en Educación (Ciclo de Complementación Curricular);2008;1.077,00;409,00;146,00
Departamento;Departamento de Ciencias Sociales (virtual);Grado;Licenciatura en Educación (Ciclo de Complementación Curricular);2009;1.194,00;473,00;138,00
Departamento;Departamento de Ciencias Sociales (virtual);Grado;Licenciatura en Educación (Ciclo de Complementación Curricular);2010;1.530,00;705,00;139,00
Departamento;Departamento de Ciencias Sociales (virtual);Grado;Licenciatura en Educación (Ciclo de Complementación Curricular);2011;1.628,00;668,00;155,00
Departamento;Departamento de Ciencias Sociales (virtual);Grado;Licenciatura en Educación (Ciclo de Complementación Curricular);2012;1.564,00;556,00;149,00
Departamento;Departamento de Ciencias Sociales (virtual);Grado;Licenciatura en Educación (Ciclo de Complementación Curricular);2013;1.356,00;435,00;179,00
Departamento;Departamento de Ciencias Sociales (virtual);Grado;Licenciatura en Educación (Ciclo de Complementación Curricular);2014;1.398,00;563,00;152,00
Departamento;Departamento de Ciencias Sociales (virtual);Grado;Licenciatura en Educación (Ciclo de Complementación Curricular);2015;1.361,00;536,00;163,00
Departamento;Departamento de Ciencias Sociales (virtual);Grado;Licenciatura en Educación (Ciclo de Complementación Curricular);2016;1.531,00;725,00;133,00
Departamento;Departamento de Ciencias Sociales (virtual);Grado;Licenciatura en Educación (Ciclo de Complementación Curricular);2017;1.401,00;488,00;99,00
Departamento;Departamento de Ciencias Sociales (virtual);Grado;Licenciatura en Educación (Ciclo de Complementación Curricular);2018;1.796,00;948,00;89,00
Departamento;Departamento de Ciencias Sociales (virtual);Grado;Licenciatura en Educación (Ciclo de Complementación Curricular);2019;1.972,00;904,00;55,00
Departamento;Departamento de Ciencias Sociales (virtual);Grado;Licenciatura en Educación (Ciclo de Complementación Curricular);2020;2.217,00;1.055,00;66,00
Departamento;Departamento de Ciencias Sociales (virtual);Grado;Licenciatura en Educación (Ciclo de Complementación Curricular);2021;3.022,00;1.510,00;129,00
Departamento;Departamento de Ciencias Sociales (virtual);Grado;Licenciatura en Educación (Ciclo de Complementación Curricular);2022;2.921,00;1.369,00;141,00
Departamento;Departamento de Ciencias Sociales (virtual);Grado;Licenciatura en Educación (Ciclo de Complementación Curricular);2023;2.696,00;1.326,00;154,00
Departamento;Departamento de Ciencias Sociales (virtual);Grado;Licenciatura en Educación (Ciclo de Complementación Curricular);2024;2.290,00;1.049,00;162,00
Departamento;Departamento de Ciencias Sociales (virtual);Grado;Licenciatura en Educación (Ciclo de Complementación Curricular);2025;1.615,00;714,00;21,00
Departamento;Departamento de Ciencias Sociales (virtual);Grado;Licenciatura en Geografía (Ciclo de Complementación Curricular);2017;121,00;121,00;
Departamento;Departamento de Ciencias Sociales (virtual);Grado;Licenciatura en Geografía (Ciclo de Complementación Curricular);2018;170,00;92,00;
Departamento;Departamento de Ciencias Sociales (virtual);Grado;Licenciatura en Geografía (Ciclo de Complementación Curricular);2019;212,00;98,00;
Departamento;Departamento de Ciencias Sociales (virtual);Grado;Licenciatura en Geografía (Ciclo de Complementación Curricular);2020;237,00;88,00;
Departamento;Departamento de Ciencias Sociales (virtual);Grado;Licenciatura en Geografía (Ciclo de Complementación Curricular);2021;322,00;124,00;28,00
Departamento;Departamento de Ciencias Sociales (virtual);Grado;Licenciatura en Geografía (Ciclo de Complementación Curricular);2022;355,00;164,00;12,00
Departamento;Departamento de Ciencias Sociales (virtual);Grado;Licenciatura en Geografía (Ciclo de Complementación Curricular);2023;380,00;156,00;36,00
Departamento;Departamento de Ciencias Sociales (virtual);Grado;Licenciatura en Geografía (Ciclo de Complementación Curricular);2024;373,00;142,00;26,00
Departamento;Departamento de Ciencias Sociales (virtual);Grado;Licenciatura en Geografía (Ciclo de Complementación Curricular);2025;307,00;120,00;4,00
Departamento;Departamento de Ciencias Sociales (virtual);Grado;Licenciatura en Terapia Ocupacional;2001;48,00;48,00;
Departamento;Departamento de Ciencias Sociales (virtual);Grado;Licenciatura en Terapia Ocupacional;2002;65,00;23,00;28,00
Departamento;Departamento de Ciencias Sociales (virtual);Grado;Licenciatura en Terapia Ocupacional;2003;52,00;20,00;20,00
Departamento;Departamento de Ciencias Sociales (virtual);Grado;Licenciatura en Terapia Ocupacional;2004;44,00;22,00;9,00
Departamento;Departamento de Ciencias Sociales (virtual);Grado;Licenciatura en Terapia Ocupacional;2005;53,00;26,00;19,00
Departamento;Departamento de Ciencias Sociales (virtual);Grado;Licenciatura en Terapia Ocupacional;2006;66,00;39,00;12,00
Departamento;Departamento de Ciencias Sociales (virtual);Grado;Licenciatura en Terapia Ocupacional;2007;69,00;28,00;15,00
Departamento;Departamento de Ciencias Sociales (virtual);Grado;Licenciatura en Terapia Ocupacional;2008;76,00;27,00;11,00
Departamento;Departamento de Ciencias Sociales (virtual);Grado;Licenciatura en Terapia Ocupacional;2009;81,00;28,00;14,00
Departamento;Departamento de Ciencias Sociales (virtual);Grado;Licenciatura en Terapia Ocupacional;2010;91,00;40,00;20,00
Departamento;Departamento de Ciencias Sociales (virtual);Grado;Licenciatura en Terapia Ocupacional;2011;82,00;20,00;19,00
Departamento;Departamento de Ciencias Sociales (virtual);Grado;Licenciatura en Terapia Ocupacional;2012;60,00;12,00;16,00
Departamento;Departamento de Ciencias Sociales (virtual);Grado;Licenciatura en Terapia Ocupacional;2013;40,00;9,00;10,00
Departamento;Departamento de Ciencias Sociales (virtual);Grado;Licenciatura en Terapia Ocupacional;2014;35,00;11,00;5,00
Departamento;Departamento de Ciencias Sociales (virtual);Grado;Licenciatura en Terapia Ocupacional;2015;28,00;1,00;4,00
Departamento;Departamento de Ciencias Sociales (virtual);Grado;Licenciatura en Terapia Ocupacional;2016;54,00;32,00;9,00
Departamento;Departamento de Ciencias Sociales (virtual);Grado;Licenciatura en Terapia Ocupacional;2017;54,00;15,00;11,00
Departamento;Departamento de Ciencias Sociales (virtual);Grado;Licenciatura en Terapia Ocupacional;2018;58,00;23,00;4,00
Departamento;Departamento de Ciencias Sociales (virtual);Grado;Licenciatura en Terapia Ocupacional;2019;64,00;21,00;10,00
Departamento;Departamento de Ciencias Sociales (virtual);Grado;Licenciatura en Terapia Ocupacional;2020;44,00;4,00;3,00
Departamento;Departamento de Ciencias Sociales (virtual);Grado;Licenciatura en Terapia Ocupacional;2021;37,00;;10,00
Departamento;Departamento de Ciencias Sociales (virtual);Grado;Licenciatura en Terapia Ocupacional;2022;23,00;;15,00
Departamento;Departamento de Ciencias Sociales (virtual);Grado;Licenciatura en Terapia Ocupacional;2023;7,00;;2,00
Departamento;Departamento de Ciencias Sociales (virtual);Grado;Licenciatura en Terapia Ocupacional;2024;4,00;;2,00
Departamento;Departamento de Ciencias Sociales (virtual);Grado;Licenciatura en Terapia Ocupacional;2025;2,00;;1,00
Departamento;Departamento de Ciencias Sociales (virtual);Grado;Tecnicatura Universitaria en Gestión de Medios Comunitarios;2013;38,00;38,00;
Departamento;Departamento de Ciencias Sociales (virtual);Grado;Tecnicatura Universitaria en Gestión de Medios Comunitarios;2014;102,00;77,00;
Departamento;Departamento de Ciencias Sociales (virtual);Grado;Tecnicatura Universitaria en Gestión de Medios Comunitarios;2015;133,00;78,00;
Departamento;Departamento de Ciencias Sociales (virtual);Grado;Tecnicatura Universitaria en Gestión de Medios Comunitarios;2016;115,00;39,00;
Departamento;Departamento de Ciencias Sociales (virtual);Grado;Tecnicatura Universitaria en Gestión de Medios Comunitarios;2017;96,00;25,00;
Departamento;Departamento de Ciencias Sociales (virtual);Grado;Tecnicatura Universitaria en Gestión de Medios Comunitarios;2018;99,00;37,00;
Departamento;Departamento de Ciencias Sociales (virtual);Grado;Tecnicatura Universitaria en Gestión de Medios Comunitarios;2019;79,00;24,00;9,00
Departamento;Departamento de Ciencias Sociales (virtual);Grado;Tecnicatura Universitaria en Gestión de Medios Comunitarios;2020;80,00;33,00;1,00
Departamento;Departamento de Ciencias Sociales (virtual);Grado;Tecnicatura Universitaria en Gestión de Medios Comunitarios;2021;82,00;29,00;1,00
Departamento;Departamento de Ciencias Sociales (virtual);Grado;Tecnicatura Universitaria en Gestión de Medios Comunitarios;2022;73,00;31,00;2,00
Departamento;Departamento de Ciencias Sociales (virtual);Grado;Tecnicatura Universitaria en Gestión de Medios Comunitarios;2023;79,00;42,00;4,00
Departamento;Departamento de Ciencias Sociales (virtual);Grado;Tecnicatura Universitaria en Gestión de Medios Comunitarios;2024;66,00;25,00;3,00
Departamento;Departamento de Ciencias Sociales (virtual);Grado;Tecnicatura Universitaria en Gestión de Medios Comunitarios;2025;81,00;50,00;
Departamento;Departamento de Economía y Administración (virtual);Grado;Contador Público;2001;22,00;22,00;
Departamento;Departamento de Economía y Administración (virtual);Grado;Contador Público;2002;166,00;150,00;
Departamento;Departamento de Economía y Administración (virtual);Grado;Contador Público;2003;305,00;183,00;1,00
Departamento;Departamento de Economía y Administración (virtual);Grado;Contador Público;2004;366,00;136,00;4,00
Departamento;Departamento de Economía y Administración (virtual);Grado;Contador Público;2005;461,00;205,00;27,00
Departamento;Departamento de Economía y Administración (virtual);Grado;Contador Público;2006;597,00;245,00;35,00
Departamento;Departamento de Economía y Administración (virtual);Grado;Contador Público;2007;801,00;337,00;28,00
Departamento;Departamento de Economía y Administración (virtual);Grado;Contador Público;2008;1.048,00;424,00;37,00
Departamento;Departamento de Economía y Administración (virtual);Grado;Contador Público;2009;1.235,00;406,00;68,00
Departamento;Departamento de Economía y Administración (virtual);Grado;Contador Público;2010;1.363,00;425,00;62,00
Departamento;Departamento de Economía y Administración (virtual);Grado;Contador Público;2011;1.551,00;510,00;77,00
Departamento;Departamento de Economía y Administración (virtual);Grado;Contador Público;2012;1.871,00;743,00;80,00
Departamento;Departamento de Economía y Administración (virtual);Grado;Contador Público;2013;1.848,00;514,00;71,00
Departamento;Departamento de Economía y Administración (virtual);Grado;Contador Público;2014;1.914,00;612,00;67,00
Departamento;Departamento de Economía y Administración (virtual);Grado;Contador Público;2015;1.953,00;675,00;88,00
Departamento;Departamento de Economía y Administración (virtual);Grado;Contador Público;2016;2.069,00;771,00;92,00
Departamento;Departamento de Economía y Administración (virtual);Grado;Contador Público;2017;1.916,00;484,00;66,00
Departamento;Departamento de Economía y Administración (virtual);Grado;Contador Público;2018;1.969,00;716,00;47,00
Departamento;Departamento de Economía y Administración (virtual);Grado;Contador Público;2019;1.990,00;691,00;42,00
Departamento;Departamento de Economía y Administración (virtual);Grado;Contador Público;2020;1.964,00;744,00;36,00
Departamento;Departamento de Economía y Administración (virtual);Grado;Contador Público;2021;2.158,00;779,00;23,00
Departamento;Departamento de Economía y Administración (virtual);Grado;Contador Público;2022;2.280,00;964,00;30,00
Departamento;Departamento de Economía y Administración (virtual);Grado;Contador Público;2023;2.314,00;1.043,00;39,00
Departamento;Departamento de Economía y Administración (virtual);Grado;Contador Público;2024;2.493,00;1.245,00;21,00
Departamento;Departamento de Economía y Administración (virtual);Grado;Contador Público;2025;2.125,00;1.015,00;1,00
Departamento;Departamento de Economía y Administración (virtual);Grado;Licenciatura en Administración;2001;1,00;1,00;
Departamento;Departamento de Economía y Administración (virtual);Grado;Licenciatura en Administración;2002;2,00;1,00;
Departamento;Departamento de Economía y Administración (virtual);Grado;Licenciatura en Administración;2003;2,00;;
Departamento;Departamento de Economía y Administración (virtual);Grado;Licenciatura en Administración;2004;2,00;1,00;
Departamento;Departamento de Economía y Administración (virtual);Grado;Licenciatura en Administración;2005;3,00;1,00;
Departamento;Departamento de Economía y Administración (virtual);Grado;Licenciatura en Administración;2006;4,00;1,00;
Departamento;Departamento de Economía y Administración (virtual);Grado;Licenciatura en Administración;2007;4,00;2,00;
Departamento;Departamento de Economía y Administración (virtual);Grado;Licenciatura en Administración;2008;8,00;3,00;
Departamento;Departamento de Economía y Administración (virtual);Grado;Licenciatura en Administración;2009;10,00;2,00;
Departamento;Departamento de Economía y Administración (virtual);Grado;Licenciatura en Administración;2010;9,00;2,00;
Departamento;Departamento de Economía y Administración (virtual);Grado;Licenciatura en Administración;2011;8,00;1,00;
Departamento;Departamento de Economía y Administración (virtual);Grado;Licenciatura en Administración;2012;297,00;293,00;
Departamento;Departamento de Economía y Administración (virtual);Grado;Licenciatura en Administración;2013;404,00;190,00;
Departamento;Departamento de Economía y Administración (virtual);Grado;Licenciatura en Administración;2014;497,00;247,00;
Departamento;Departamento de Economía y Administración (virtual);Grado;Licenciatura en Administración;2015;496,00;228,00;3,00
Departamento;Departamento de Economía y Administración (virtual);Grado;Licenciatura en Administración;2016;605,00;305,00;5,00
Departamento;Departamento de Economía y Administración (virtual);Grado;Licenciatura en Administración;2017;547,00;188,00;6,00
Departamento;Departamento de Economía y Administración (virtual);Grado;Licenciatura en Administración;2018;583,00;252,00;9,00
Departamento;Departamento de Economía y Administración (virtual);Grado;Licenciatura en Administración;2019;537,00;216,00;3,00
Departamento;Departamento de Economía y Administración (virtual);Grado;Licenciatura en Administración;2020;595,00;279,00;1,00
Departamento;Departamento de Economía y Administración (virtual);Grado;Licenciatura en Administración;2021;752,00;324,00;3,00
Departamento;Departamento de Economía y Administración (virtual);Grado;Licenciatura en Administración;2022;783,00;363,00;12,00
Departamento;Departamento de Economía y Administración (virtual);Grado;Licenciatura en Administración;2023;779,00;379,00;14,00
Departamento;Departamento de Economía y Administración (virtual);Grado;Licenciatura en Administración;2024;990,00;626,00;14,00
Departamento;Departamento de Economía y Administración (virtual);Grado;Licenciatura en Administración;2025;826,00;502,00;2,00
Departamento;Departamento de Economía y Administración (virtual);Grado;Licenciatura en Administración (Ciclo de Complementación Curricular);2001;494,00;494,00;
Departamento;Departamento de Economía y Administración (virtual);Grado;Licenciatura en Administración (Ciclo de Complementación Curricular);2002;592,00;267,00;6,00
Departamento;Departamento de Economía y Administración (virtual);Grado;Licenciatura en Administración (Ciclo de Complementación Curricular);2003;760,00;287,00;46,00
Departamento;Departamento de Economía y Administración (virtual);Grado;Licenciatura en Administración (Ciclo de Complementación Curricular);2004;724,00;198,00;60,00
Departamento;Departamento de Economía y Administración (virtual);Grado;Licenciatura en Administración (Ciclo de Complementación Curricular);2005;707,00;213,00;48,00
Departamento;Departamento de Economía y Administración (virtual);Grado;Licenciatura en Administración (Ciclo de Complementación Curricular);2006;773,00;284,00;50,00
Departamento;Departamento de Economía y Administración (virtual);Grado;Licenciatura en Administración (Ciclo de Complementación Curricular);2007;790,00;237,00;56,00
Departamento;Departamento de Economía y Administración (virtual);Grado;Licenciatura en Administración (Ciclo de Complementación Curricular);2008;934,00;357,00;51,00
Departamento;Departamento de Economía y Administración (virtual);Grado;Licenciatura en Administración (Ciclo de Complementación Curricular);2009;1.012,00;369,00;41,00
Departamento;Departamento de Economía y Administración (virtual);Grado;Licenciatura en Administración (Ciclo de Complementación Curricular);2010;1.124,00;384,00;30,00
Departamento;Departamento de Economía y Administración (virtual);Grado;Licenciatura en Administración (Ciclo de Complementación Curricular);2011;1.200,00;393,00;62,00
Departamento;Departamento de Economía y Administración (virtual);Grado;Licenciatura en Administración (Ciclo de Complementación Curricular);2012;1.125,00;285,00;48,00
Departamento;Departamento de Economía y Administración (virtual);Grado;Licenciatura en Administración (Ciclo de Complementación Curricular);2013;951,00;161,00;43,00
Departamento;Departamento de Economía y Administración (virtual);Grado;Licenciatura en Administración (Ciclo de Complementación Curricular);2014;900,00;214,00;34,00
Departamento;Departamento de Economía y Administración (virtual);Grado;Licenciatura en Administración (Ciclo de Complementación Curricular);2015;945,00;273,00;56,00
Departamento;Departamento de Economía y Administración (virtual);Grado;Licenciatura en Administración (Ciclo de Complementación Curricular);2016;988,00;290,00;50,00
Departamento;Departamento de Economía y Administración (virtual);Grado;Licenciatura en Administración (Ciclo de Complementación Curricular);2017;879,00;156,00;48,00
Departamento;Departamento de Economía y Administración (virtual);Grado;Licenciatura en Administración (Ciclo de Complementación Curricular);2018;846,00;221,00;32,00
Departamento;Departamento de Economía y Administración (virtual);Grado;Licenciatura en Administración (Ciclo de Complementación Curricular);2019;967,00;318,00;30,00
Departamento;Departamento de Economía y Administración (virtual);Grado;Licenciatura en Administración (Ciclo de Complementación Curricular);2020;970,00;253,00;15,00
Departamento;Departamento de Economía y Administración (virtual);Grado;Licenciatura en Administración (Ciclo de Complementación Curricular);2021;1.082,00;295,00;16,00
Departamento;Departamento de Economía y Administración (virtual);Grado;Licenciatura en Administración (Ciclo de Complementación Curricular);2022;1.100,00;299,00;32,00
Departamento;Departamento de Economía y Administración (virtual);Grado;Licenciatura en Administración (Ciclo de Complementación Curricular);2023;1.045,00;313,00;44,00
Departamento;Departamento de Economía y Administración (virtual);Grado;Licenciatura en Administración (Ciclo de Complementación Curricular);2024;905,00;182,00;32,00
Departamento;Departamento de Economía y Administración (virtual);Grado;Licenciatura en Administración (Ciclo de Complementación Curricular);2025;650,00;122,00;3,00
Departamento;Departamento de Economía y Administración (virtual);Grado;Licenciatura en Comercio Internacional;2002;1,00;1,00;
Departamento;Departamento de Economía y Administración (virtual);Grado;Licenciatura en Comercio Internacional;2003;1,00;;
Departamento;Departamento de Economía y Administración (virtual);Grado;Licenciatura en Comercio Internacional;2004;1,00;;
Departamento;Departamento de Economía y Administración (virtual);Grado;Licenciatura en Comercio Internacional;2005;1,00;;
Departamento;Departamento de Economía y Administración (virtual);Grado;Licenciatura en Comercio Internacional;2006;3,00;2,00;
Departamento;Departamento de Economía y Administración (virtual);Grado;Licenciatura en Comercio Internacional;2007;4,00;1,00;
Departamento;Departamento de Economía y Administración (virtual);Grado;Licenciatura en Comercio Internacional;2008;2,00;;
Departamento;Departamento de Economía y Administración (virtual);Grado;Licenciatura en Comercio Internacional;2009;2,00;;
Departamento;Departamento de Economía y Administración (virtual);Grado;Licenciatura en Comercio Internacional;2010;1,00;;
Departamento;Departamento de Economía y Administración (virtual);Grado;Licenciatura en Comercio Internacional;2012;75,00;75,00;
Departamento;Departamento de Economía y Administración (virtual);Grado;Licenciatura en Comercio Internacional;2013;127,00;77,00;
Departamento;Departamento de Economía y Administración (virtual);Grado;Licenciatura en Comercio Internacional;2014;172,00;106,00;
Departamento;Departamento de Economía y Administración (virtual);Grado;Licenciatura en Comercio Internacional;2015;178,00;84,00;
Departamento;Departamento de Economía y Administración (virtual);Grado;Licenciatura en Comercio Internacional;2016;245,00;141,00;
Departamento;Departamento de Economía y Administración (virtual);Grado;Licenciatura en Comercio Internacional;2017;203,00;57,00;6,00
Departamento;Departamento de Economía y Administración (virtual);Grado;Licenciatura en Comercio Internacional;2018;219,00;110,00;7,00
Departamento;Departamento de Economía y Administración (virtual);Grado;Licenciatura en Comercio Internacional;2019;210,00;102,00;
Departamento;Departamento de Economía y Administración (virtual);Grado;Licenciatura en Comercio Internacional;2020;237,00;110,00;1,00
Departamento;Departamento de Economía y Administración (virtual);Grado;Licenciatura en Comercio Internacional;2021;341,00;189,00;8,00
Departamento;Departamento de Economía y Administración (virtual);Grado;Licenciatura en Comercio Internacional;2022;390,00;222,00;6,00
Departamento;Departamento de Economía y Administración (virtual);Grado;Licenciatura en Comercio Internacional;2023;275,00;104,00;7,00
Departamento;Departamento de Economía y Administración (virtual);Grado;Licenciatura en Comercio Internacional;2024;110,00;;6,00
Departamento;Departamento de Economía y Administración (virtual);Grado;Licenciatura en Comercio Internacional;2025;30,00;;
Departamento;Departamento de Economía y Administración (virtual);Grado;Licenciatura en Comercio Internacional (Ciclo de Complementación Curricular);2001;120,00;120,00;
Departamento;Departamento de Economía y Administración (virtual);Grado;Licenciatura en Comercio Internacional (Ciclo de Complementación Curricular);2002;197,00;121,00;6,00
Departamento;Departamento de Economía y Administración (virtual);Grado;Licenciatura en Comercio Internacional (Ciclo de Complementación Curricular);2003;262,00;124,00;8,00
Departamento;Departamento de Economía y Administración (virtual);Grado;Licenciatura en Comercio Internacional (Ciclo de Complementación Curricular);2004;280,00;95,00;18,00
Departamento;Departamento de Economía y Administración (virtual);Grado;Licenciatura en Comercio Internacional (Ciclo de Complementación Curricular);2005;281,00;111,00;16,00
Departamento;Departamento de Economía y Administración (virtual);Grado;Licenciatura en Comercio Internacional (Ciclo de Complementación Curricular);2006;328,00;130,00;20,00
Departamento;Departamento de Economía y Administración (virtual);Grado;Licenciatura en Comercio Internacional (Ciclo de Complementación Curricular);2007;337,00;133,00;14,00
Departamento;Departamento de Economía y Administración (virtual);Grado;Licenciatura en Comercio Internacional (Ciclo de Complementación Curricular);2008;439,00;213,00;17,00
Departamento;Departamento de Economía y Administración (virtual);Grado;Licenciatura en Comercio Internacional (Ciclo de Complementación Curricular);2009;463,00;177,00;21,00
Departamento;Departamento de Economía y Administración (virtual);Grado;Licenciatura en Comercio Internacional (Ciclo de Complementación Curricular);2010;489,00;171,00;25,00
Departamento;Departamento de Economía y Administración (virtual);Grado;Licenciatura en Comercio Internacional (Ciclo de Complementación Curricular);2011;503,00;156,00;23,00
Departamento;Departamento de Economía y Administración (virtual);Grado;Licenciatura en Comercio Internacional (Ciclo de Complementación Curricular);2012;447,00;105,00;33,00
Departamento;Departamento de Economía y Administración (virtual);Grado;Licenciatura en Comercio Internacional (Ciclo de Complementación Curricular);2013;384,00;97,00;33,00
Departamento;Departamento de Economía y Administración (virtual);Grado;Licenciatura en Comercio Internacional (Ciclo de Complementación Curricular);2014;344,00;87,00;24,00
Departamento;Departamento de Economía y Administración (virtual);Grado;Licenciatura en Comercio Internacional (Ciclo de Complementación Curricular);2015;344,00;119,00;25,00
Departamento;Departamento de Economía y Administración (virtual);Grado;Licenciatura en Comercio Internacional (Ciclo de Complementación Curricular);2016;367,00;131,00;15,00
Departamento;Departamento de Economía y Administración (virtual);Grado;Licenciatura en Comercio Internacional (Ciclo de Complementación Curricular);2017;338,00;72,00;24,00
Departamento;Departamento de Economía y Administración (virtual);Grado;Licenciatura en Comercio Internacional (Ciclo de Complementación Curricular);2018;297,00;83,00;20,00
Departamento;Departamento de Economía y Administración (virtual);Grado;Licenciatura en Comercio Internacional (Ciclo de Complementación Curricular);2019;289,00;97,00;11,00
Departamento;Departamento de Economía y Administración (virtual);Grado;Licenciatura en Comercio Internacional (Ciclo de Complementación Curricular);2020;271,00;72,00;27,00
Departamento;Departamento de Economía y Administración (virtual);Grado;Licenciatura en Comercio Internacional (Ciclo de Complementación Curricular);2021;283,00;81,00;23,00
Departamento;Departamento de Economía y Administración (virtual);Grado;Licenciatura en Comercio Internacional (Ciclo de Complementación Curricular);2022;250,00;80,00;22,00
Departamento;Departamento de Economía y Administración (virtual);Grado;Licenciatura en Comercio Internacional (Ciclo de Complementación Curricular);2023;208,00;49,00;16,00
Departamento;Departamento de Economía y Administración (virtual);Grado;Licenciatura en Comercio Internacional (Ciclo de Complementación Curricular);2024;113,00;;15,00
Departamento;Departamento de Economía y Administración (virtual);Grado;Licenciatura en Comercio Internacional (Ciclo de Complementación Curricular);2025;27,00;1,00;
Departamento;Departamento de Economía y Administración (virtual);Grado;Licenciatura en Gestión del Comercio Internacional;2023;100,00;100,00;
Departamento;Departamento de Economía y Administración (virtual);Grado;Licenciatura en Gestión del Comercio Internacional;2024;384,00;342,00;
Departamento;Departamento de Economía y Administración (virtual);Grado;Licenciatura en Gestión del Comercio Internacional;2025;435,00;336,00;
Departamento;Departamento de Economía y Administración (virtual);Grado;Licenciatura en Gestión del Comercio Internacional (Ciclo de Complementación Curricular);2023;50,00;50,00;
Departamento;Departamento de Economía y Administración (virtual);Grado;Licenciatura en Gestión del Comercio Internacional (Ciclo de Complementación Curricular);2024;124,00;89,00;
Departamento;Departamento de Economía y Administración (virtual);Grado;Licenciatura en Gestión del Comercio Internacional (Ciclo de Complementación Curricular);2025;150,00;79,00;
Departamento;Departamento de Economía y Administración (virtual);Grado;Licenciatura en Hotelería y Turismo;2001;201,00;201,00;
Departamento;Departamento de Economía y Administración (virtual);Grado;Licenciatura en Hotelería y Turismo;2002;201,00;79,00;14,00
Departamento;Departamento de Economía y Administración (virtual);Grado;Licenciatura en Hotelería y Turismo;2003;209,00;68,00;24,00
Departamento;Departamento de Economía y Administración (virtual);Grado;Licenciatura en Hotelería y Turismo;2004;254,00;120,00;19,00
Departamento;Departamento de Economía y Administración (virtual);Grado;Licenciatura en Hotelería y Turismo;2005;307,00;157,00;29,00
Departamento;Departamento de Economía y Administración (virtual);Grado;Licenciatura en Hotelería y Turismo;2006;382,00;196,00;25,00
Departamento;Departamento de Economía y Administración (virtual);Grado;Licenciatura en Hotelería y Turismo;2007;471,00;200,00;30,00
Departamento;Departamento de Economía y Administración (virtual);Grado;Licenciatura en Hotelería y Turismo;2008;629,00;280,00;43,00
Departamento;Departamento de Economía y Administración (virtual);Grado;Licenciatura en Hotelería y Turismo;2009;769,00;314,00;46,00
Departamento;Departamento de Economía y Administración (virtual);Grado;Licenciatura en Hotelería y Turismo;2010;795,00;262,00;71,00
Departamento;Departamento de Economía y Administración (virtual);Grado;Licenciatura en Hotelería y Turismo;2011;810,00;233,00;77,00
Departamento;Departamento de Economía y Administración (virtual);Grado;Licenciatura en Hotelería y Turismo;2012;663,00;95,00;81,00
Departamento;Departamento de Economía y Administración (virtual);Grado;Licenciatura en Hotelería y Turismo;2013;452,00;;83,00
Departamento;Departamento de Economía y Administración (virtual);Grado;Licenciatura en Hotelería y Turismo;2014;308,00;;68,00
Departamento;Departamento de Economía y Administración (virtual);Grado;Licenciatura en Hotelería y Turismo;2015;186,00;;76,00
Departamento;Departamento de Economía y Administración (virtual);Grado;Licenciatura en Hotelería y Turismo;2016;103,00;;42,00
Departamento;Departamento de Economía y Administración (virtual);Grado;Licenciatura en Hotelería y Turismo;2017;45,00;;17,00
Departamento;Departamento de Economía y Administración (virtual);Grado;Licenciatura en Hotelería y Turismo;2018;23,00;;5,00
Departamento;Departamento de Economía y Administración (virtual);Grado;Licenciatura en Hotelería y Turismo;2019;10,00;;1,00
Departamento;Departamento de Economía y Administración (virtual);Grado;Licenciatura en Hotelería y Turismo;2020;7,00;;1,00
Departamento;Departamento de Economía y Administración (virtual);Grado;Licenciatura en Hotelería y Turismo;2021;8,00;;
Departamento;Departamento de Economía y Administración (virtual);Grado;Licenciatura en Hotelería y Turismo;2022;3,00;;
Departamento;Departamento de Economía y Administración (virtual);Grado;Licenciatura en Hotelería y Turismo;2023;5,00;;
Departamento;Departamento de Economía y Administración (virtual);Grado;Licenciatura en Hotelería y Turismo;2024;1,00;;
Departamento;Departamento de Economía y Administración (virtual);Grado;Licenciatura en Hotelería y Turismo;2025;1,00;;
Departamento;Departamento de Economía y Administración (virtual);Grado;Licenciatura en Turismo y Hotelería;2012;52,00;52,00;
Departamento;Departamento de Economía y Administración (virtual);Grado;Licenciatura en Turismo y Hotelería;2013;130,00;95,00;
Departamento;Departamento de Economía y Administración (virtual);Grado;Licenciatura en Turismo y Hotelería;2014;125,00;64,00;
Departamento;Departamento de Economía y Administración (virtual);Grado;Licenciatura en Turismo y Hotelería;2015;165,00;92,00;
Departamento;Departamento de Economía y Administración (virtual);Grado;Licenciatura en Turismo y Hotelería;2016;178,00;97,00;
Departamento;Departamento de Economía y Administración (virtual);Grado;Licenciatura en Turismo y Hotelería;2017;147,00;46,00;2,00
Departamento;Departamento de Economía y Administración (virtual);Grado;Licenciatura en Turismo y Hotelería;2018;164,00;81,00;4,00
Departamento;Departamento de Economía y Administración (virtual);Grado;Licenciatura en Turismo y Hotelería;2019;181,00;96,00;5,00
Departamento;Departamento de Economía y Administración (virtual);Grado;Licenciatura en Turismo y Hotelería;2020;216,00;116,00;2,00
Departamento;Departamento de Economía y Administración (virtual);Grado;Licenciatura en Turismo y Hotelería;2021;261,00;129,00;5,00
Departamento;Departamento de Economía y Administración (virtual);Grado;Licenciatura en Turismo y Hotelería;2022;290,00;171,00;3,00
Departamento;Departamento de Economía y Administración (virtual);Grado;Licenciatura en Turismo y Hotelería;2023;299,00;182,00;3,00
Departamento;Departamento de Economía y Administración (virtual);Grado;Licenciatura en Turismo y Hotelería;2024;330,00;212,00;1,00
Departamento;Departamento de Economía y Administración (virtual);Grado;Licenciatura en Turismo y Hotelería;2025;318,00;203,00;
Departamento;Departamento de Economía y Administración (virtual);Grado;Licenciatura en Turismo y Hotelería (Ciclo de Complementación Curricular);2012;92,00;92,00;
Departamento;Departamento de Economía y Administración (virtual);Grado;Licenciatura en Turismo y Hotelería (Ciclo de Complementación Curricular);2013;179,00;115,00;
Departamento;Departamento de Economía y Administración (virtual);Grado;Licenciatura en Turismo y Hotelería (Ciclo de Complementación Curricular);2014;239,00;125,00;
Departamento;Departamento de Economía y Administración (virtual);Grado;Licenciatura en Turismo y Hotelería (Ciclo de Complementación Curricular);2015;306,00;132,00;11,00
Departamento;Departamento de Economía y Administración (virtual);Grado;Licenciatura en Turismo y Hotelería (Ciclo de Complementación Curricular);2016;323,00;113,00;18,00
Departamento;Departamento de Economía y Administración (virtual);Grado;Licenciatura en Turismo y Hotelería (Ciclo de Complementación Curricular);2017;335,00;114,00;7,00
Departamento;Departamento de Economía y Administración (virtual);Grado;Licenciatura en Turismo y Hotelería (Ciclo de Complementación Curricular);2018;360,00;111,00;30,00
Departamento;Departamento de Economía y Administración (virtual);Grado;Licenciatura en Turismo y Hotelería (Ciclo de Complementación Curricular);2019;365,00;110,00;39,00
Departamento;Departamento de Economía y Administración (virtual);Grado;Licenciatura en Turismo y Hotelería (Ciclo de Complementación Curricular);2020;332,00;92,00;6,00
Departamento;Departamento de Economía y Administración (virtual);Grado;Licenciatura en Turismo y Hotelería (Ciclo de Complementación Curricular);2021;400,00;120,00;39,00
Departamento;Departamento de Economía y Administración (virtual);Grado;Licenciatura en Turismo y Hotelería (Ciclo de Complementación Curricular);2022;370,00;97,00;39,00
Departamento;Departamento de Economía y Administración (virtual);Grado;Licenciatura en Turismo y Hotelería (Ciclo de Complementación Curricular);2023;300,00;93,00;25,00
Departamento;Departamento de Economía y Administración (virtual);Grado;Licenciatura en Turismo y Hotelería (Ciclo de Complementación Curricular);2024;265,00;82,00;19,00
Departamento;Departamento de Economía y Administración (virtual);Grado;Licenciatura en Turismo y Hotelería (Ciclo de Complementación Curricular);2025;201,00;58,00;3,00
Departamento;Departamento de Economía y Administración (virtual);Grado;Tecnicatura Universitaria en Ciencias Empresariales;2001;91,00;91,00;
Departamento;Departamento de Economía y Administración (virtual);Grado;Tecnicatura Universitaria en Ciencias Empresariales;2002;217,00;173,00;
Departamento;Departamento de Economía y Administración (virtual);Grado;Tecnicatura Universitaria en Ciencias Empresariales;2003;351,00;209,00;
Departamento;Departamento de Economía y Administración (virtual);Grado;Tecnicatura Universitaria en Ciencias Empresariales;2004;373,00;186,00;3,00
Departamento;Departamento de Economía y Administración (virtual);Grado;Tecnicatura Universitaria en Ciencias Empresariales;2005;552,00;346,00;2,00
Departamento;Departamento de Economía y Administración (virtual);Grado;Tecnicatura Universitaria en Ciencias Empresariales;2006;786,00;472,00;4,00
Departamento;Departamento de Economía y Administración (virtual);Grado;Tecnicatura Universitaria en Ciencias Empresariales;2007;901,00;448,00;4,00
Departamento;Departamento de Economía y Administración (virtual);Grado;Tecnicatura Universitaria en Ciencias Empresariales;2008;1.070,00;560,00;8,00
Departamento;Departamento de Economía y Administración (virtual);Grado;Tecnicatura Universitaria en Ciencias Empresariales;2009;1.233,00;620,00;10,00
Departamento;Departamento de Economía y Administración (virtual);Grado;Tecnicatura Universitaria en Ciencias Empresariales;2010;1.244,00;547,00;11,00
Departamento;Departamento de Economía y Administración (virtual);Grado;Tecnicatura Universitaria en Ciencias Empresariales;2011;1.367,00;663,00;13,00
Departamento;Departamento de Economía y Administración (virtual);Grado;Tecnicatura Universitaria en Ciencias Empresariales;2012;1.223,00;395,00;14,00
Departamento;Departamento de Economía y Administración (virtual);Grado;Tecnicatura Universitaria en Ciencias Empresariales;2013;633,00;141,00;10,00
Departamento;Departamento de Economía y Administración (virtual);Grado;Tecnicatura Universitaria en Ciencias Empresariales;2014;455,00;159,00;10,00
Departamento;Departamento de Economía y Administración (virtual);Grado;Tecnicatura Universitaria en Ciencias Empresariales;2015;419,00;176,00;19,00
Departamento;Departamento de Economía y Administración (virtual);Grado;Tecnicatura Universitaria en Ciencias Empresariales;2016;467,00;211,00;25,00
Departamento;Departamento de Economía y Administración (virtual);Grado;Tecnicatura Universitaria en Ciencias Empresariales;2017;420,00;120,00;24,00
Departamento;Departamento de Economía y Administración (virtual);Grado;Tecnicatura Universitaria en Ciencias Empresariales;2018;426,00;198,00;19,00
Departamento;Departamento de Economía y Administración (virtual);Grado;Tecnicatura Universitaria en Ciencias Empresariales;2019;390,00;172,00;13,00
Departamento;Departamento de Economía y Administración (virtual);Grado;Tecnicatura Universitaria en Ciencias Empresariales;2020;427,00;231,00;7,00
Departamento;Departamento de Economía y Administración (virtual);Grado;Tecnicatura Universitaria en Ciencias Empresariales;2021;486,00;187,00;24,00
Departamento;Departamento de Economía y Administración (virtual);Grado;Tecnicatura Universitaria en Ciencias Empresariales;2022;504,00;254,00;17,00
Departamento;Departamento de Economía y Administración (virtual);Grado;Tecnicatura Universitaria en Ciencias Empresariales;2023;493,00;272,00;18,00
Departamento;Departamento de Economía y Administración (virtual);Grado;Tecnicatura Universitaria en Ciencias Empresariales;2024;556,00;308,00;23,00
Departamento;Departamento de Economía y Administración (virtual);Grado;Tecnicatura Universitaria en Ciencias Empresariales;2025;528,00;298,00;1,00
Escuela Universitaria;Escuela Universitaria de Artes (virtual);Grado;Licenciatura en Artes y Tecnologías (Ciclo de Complementación Curricular);2013;38,00;38,00;
Escuela Universitaria;Escuela Universitaria de Artes (virtual);Grado;Licenciatura en Artes y Tecnologías (Ciclo de Complementación Curricular);2014;70,00;45,00;
Escuela Universitaria;Escuela Universitaria de Artes (virtual);Grado;Licenciatura en Artes y Tecnologías (Ciclo de Complementación Curricular);2015;85,00;37,00;
Escuela Universitaria;Escuela Universitaria de Artes (virtual);Grado;Licenciatura en Artes y Tecnologías (Ciclo de Complementación Curricular);2016;121,00;60,00;5,00
Escuela Universitaria;Escuela Universitaria de Artes (virtual);Grado;Licenciatura en Artes y Tecnologías (Ciclo de Complementación Curricular);2017;142,00;52,00;11,00
Escuela Universitaria;Escuela Universitaria de Artes (virtual);Grado;Licenciatura en Artes y Tecnologías (Ciclo de Complementación Curricular);2018;161,00;74,00;7,00
Escuela Universitaria;Escuela Universitaria de Artes (virtual);Grado;Licenciatura en Artes y Tecnologías (Ciclo de Complementación Curricular);2019;172,00;67,00;4,00
Escuela Universitaria;Escuela Universitaria de Artes (virtual);Grado;Licenciatura en Artes y Tecnologías (Ciclo de Complementación Curricular);2020;154,00;41,00;4,00
Escuela Universitaria;Escuela Universitaria de Artes (virtual);Grado;Licenciatura en Artes y Tecnologías (Ciclo de Complementación Curricular);2021;181,00;67,00;18,00
Escuela Universitaria;Escuela Universitaria de Artes (virtual);Grado;Licenciatura en Artes y Tecnologías (Ciclo de Complementación Curricular);2022;186,00;69,00;17,00
Escuela Universitaria;Escuela Universitaria de Artes (virtual);Grado;Licenciatura en Artes y Tecnologías (Ciclo de Complementación Curricular);2023;198,00;84,00;13,00
Escuela Universitaria;Escuela Universitaria de Artes (virtual);Grado;Licenciatura en Artes y Tecnologías (Ciclo de Complementación Curricular);2024;169,00;52,00;9,00
Escuela Universitaria;Escuela Universitaria de Artes (virtual);Grado;Licenciatura en Artes y Tecnologías (Ciclo de Complementación Curricular);2025;137,00;43,00;
